strategy,family,generator,selector,selection_space,candidate_budget,deployable,tuned_on_dev,split,n_states,mean_true,true_ci_low,true_ci_high,mean_success,success_ci_low,success_ci_high,mean_selected_step,baseline,delta_true_vs_baseline,delta_true_ci_low,delta_true_ci_high,delta_success_vs_baseline,delta_success_ci_low,delta_success_ci_high
pd_d192_k3_eval:returned:final,baseline,pd_d192_k3_eval,fixed_step_29,returned_means,1,True,False,all,50,92.08416393181949,50.87896694466007,143.2436239215202,0.58,0.44,0.72,29.0,pd_d192_k3_eval:returned:final,0.0,0.0,0.0,0.0,0.0,0.0
pd_d192_k3_eval:returned:fixed_step_29,fixed_round,pd_d192_k3_eval,fixed_step_29,returned_means,1,True,False,all,50,92.08416393181949,50.87896694466007,143.2436239215202,0.58,0.44,0.72,29.0,pd_d192_k3_eval:returned:final,0.0,0.0,0.0,0.0,0.0,0.0
pd_d192_k3_eval:returned:dev_best_round,dev_tuned_fixed_round,pd_d192_k3_eval,fixed_step_29,returned_means,1,True,True,all,50,92.08416393181949,50.87896694466007,143.2436239215202,0.58,0.44,0.72,29.0,pd_d192_k3_eval:returned:final,0.0,0.0,0.0,0.0,0.0,0.0
pd_d192_k3_eval:returned:score_by_pd_d192_k3_eval,round_verification,pd_d192_k3_eval,pd_d192_k3_eval,returned_means,1,True,False,all,50,92.08416393181949,50.87896694466007,143.2436239215202,0.58,0.44,0.72,29.0,pd_d192_k3_eval:returned:final,0.0,0.0,0.0,0.0,0.0,0.0
pd_d192_k3_eval:returned:score_by_iter2_multistep_eval,round_verification,pd_d192_k3_eval,iter2_multistep_eval,returned_means,1,True,False,all,50,92.08416393181949,50.87896694466007,143.2436239215202,0.58,0.44,0.72,29.0,pd_d192_k3_eval:returned:final,0.0,0.0,0.0,0.0,0.0,0.0
pd_d192_k3_eval:returned:score_by_pd_d192_k10_eval,round_verification,pd_d192_k3_eval,pd_d192_k10_eval,returned_means,1,True,False,all,50,92.08416393181949,50.87896694466007,143.2436239215202,0.58,0.44,0.72,29.0,pd_d192_k3_eval:returned:final,0.0,0.0,0.0,0.0,0.0,0.0
pd_d192_k3_eval:returned:consensus,round_verification,pd_d192_k3_eval,all_rank_consensus,returned_means,3,True,False,all,50,92.08416393181949,50.87896694466007,143.2436239215202,0.58,0.44,0.72,29.0,pd_d192_k3_eval:returned:final,0.0,0.0,0.0,0.0,0.0,0.0
pd_d192_k3_eval:returned:nonself_consensus,round_verification,pd_d192_k3_eval,nonself_rank_consensus,returned_means,2,True,False,all,50,92.08416393181949,50.87896694466007,143.2436239215202,0.58,0.44,0.72,29.0,pd_d192_k3_eval:returned:final,0.0,0.0,0.0,0.0,0.0,0.0
pd_d192_k3_eval:returned:oracle_round,oracle_ceiling,pd_d192_k3_eval,true_simulator_cost,returned_means,1,False,False,all,50,92.08416393181949,50.87896694466007,143.2436239215202,0.58,0.44,0.72,29.0,pd_d192_k3_eval:returned:final,0.0,0.0,0.0,0.0,0.0,0.0
pd_d192_k3_eval:population_all:score_by_pd_d192_k3_eval,population_verification,pd_d192_k3_eval,pd_d192_k3_eval,all_recorded_populations,300,True,False,all,50,93.65599685764276,51.95708304852535,145.5096356426766,0.6,0.46,0.74,29.0,pd_d192_k3_eval:returned:final,1.5718329258232777,0.21089717879393344,3.047466952838609,0.02,-0.04,0.08
pd_d192_k3_eval:population_elite:score_by_pd_d192_k3_eval,elite_verification,pd_d192_k3_eval,pd_d192_k3_eval,recorded_generator_elites,30,True,False,all,50,93.65599685764276,51.95708304852535,145.5096356426766,0.6,0.46,0.74,29.0,pd_d192_k3_eval:returned:final,1.5718329258232777,0.21089717879393344,3.047466952838609,0.02,-0.04,0.08
pd_d192_k3_eval:population_all:score_by_iter2_multistep_eval,population_verification,pd_d192_k3_eval,iter2_multistep_eval,all_recorded_populations,300,True,False,all,50,94.3740442652946,52.36028770995569,146.66842606881616,0.62,0.48,0.76,29.0,pd_d192_k3_eval:returned:final,2.2898803334751037,-0.9969417629714493,6.1823470765083846,0.04,-0.04,0.12
pd_d192_k3_eval:population_elite:score_by_iter2_multistep_eval,elite_verification,pd_d192_k3_eval,iter2_multistep_eval,recorded_generator_elites,30,True,False,all,50,92.86567423704795,51.29415229511101,144.9080977122367,0.62,0.48,0.76,29.0,pd_d192_k3_eval:returned:final,0.7815103052284417,-1.0121258595873959,2.6405976433170024,0.04,-0.04,0.12
pd_d192_k3_eval:population_all:score_by_pd_d192_k10_eval,population_verification,pd_d192_k3_eval,pd_d192_k10_eval,all_recorded_populations,300,True,False,all,50,94.32202703637991,53.08674436989921,145.68471663259407,0.58,0.44,0.72,29.0,pd_d192_k3_eval:returned:final,2.237863104560398,-0.9389479834686989,5.89326607003951,0.0,-0.08,0.08
pd_d192_k3_eval:population_elite:score_by_pd_d192_k10_eval,elite_verification,pd_d192_k3_eval,pd_d192_k10_eval,recorded_generator_elites,30,True,False,all,50,92.94494110873678,52.12008189517075,144.07557964200578,0.58,0.44,0.72,29.0,pd_d192_k3_eval:returned:final,0.8607771769172782,-0.5465945869669843,2.331232128991038,0.0,-0.06,0.06
pd_d192_k3_eval:population_all:all_rank_consensus,population_verification,pd_d192_k3_eval,all_rank_consensus,all_recorded_populations,900,True,False,all,50,92.41774592877968,50.63691166062183,144.82023818935713,0.6,0.46,0.74,29.0,pd_d192_k3_eval:returned:final,0.3335819969601704,-1.5916606885247966,2.5027300948615894,0.02,-0.04,0.1
pd_d192_k3_eval:population_elite:all_rank_consensus,elite_verification,pd_d192_k3_eval,all_rank_consensus,recorded_generator_elites,90,True,False,all,50,92.60761905037842,50.81032430551974,144.85636768009218,0.6,0.46,0.74,29.0,pd_d192_k3_eval:returned:final,0.5234551185588999,-1.4360848968373903,2.7122620192683,0.02,-0.04,0.1
pd_d192_k3_eval:population_all:nonself_rank_consensus,population_verification,pd_d192_k3_eval,nonself_rank_consensus,all_recorded_populations,600,True,False,all,50,95.13629507368775,52.812897235073656,148.23369132345357,0.62,0.48,0.76,29.0,pd_d192_k3_eval:returned:final,3.05213114186824,-0.24732312741441304,6.903013366711344,0.04,-0.04,0.12
pd_d192_k3_eval:population_elite:nonself_rank_consensus,elite_verification,pd_d192_k3_eval,nonself_rank_consensus,recorded_generator_elites,60,True,False,all,50,92.60159949063676,51.01886246602622,144.7040195780965,0.64,0.5,0.78,29.0,pd_d192_k3_eval:returned:final,0.5174355588172637,-1.5557460296800976,2.701804277732789,0.06,-0.02,0.14
portfolio:returned:score_by_pd_d192_k3_eval,multi_proposer_portfolio,all,pd_d192_k3_eval,all_returned_means,1,True,False,all,50,92.08416393181949,50.87896694466007,143.2436239215202,0.58,0.44,0.72,29.0,pd_d192_k3_eval:returned:final,0.0,0.0,0.0,0.0,0.0,0.0
portfolio:returned:score_by_iter2_multistep_eval,multi_proposer_portfolio,all,iter2_multistep_eval,all_returned_means,1,True,False,all,50,92.08416393181949,50.87896694466007,143.2436239215202,0.58,0.44,0.72,29.0,pd_d192_k3_eval:returned:final,0.0,0.0,0.0,0.0,0.0,0.0
portfolio:returned:score_by_pd_d192_k10_eval,multi_proposer_portfolio,all,pd_d192_k10_eval,all_returned_means,1,True,False,all,50,92.08416393181949,50.87896694466007,143.2436239215202,0.58,0.44,0.72,29.0,pd_d192_k3_eval:returned:final,0.0,0.0,0.0,0.0,0.0,0.0
portfolio:returned:rank_consensus,multi_proposer_portfolio,all,all_rank_consensus,all_returned_means,3,True,False,all,50,92.08416393181949,50.87896694466007,143.2436239215202,0.58,0.44,0.72,29.0,pd_d192_k3_eval:returned:final,0.0,0.0,0.0,0.0,0.0,0.0
portfolio:returned:oracle,oracle_ceiling,all,true_simulator_cost,all_returned_means,1,False,False,all,50,92.08416393181949,50.87896694466007,143.2436239215202,0.58,0.44,0.72,29.0,pd_d192_k3_eval:returned:final,0.0,0.0,0.0,0.0,0.0,0.0
pd_d192_k3_eval:returned:final,baseline,pd_d192_k3_eval,fixed_step_29,returned_means,1,True,False,dev,25,48.729563495140404,24.433486936679472,77.14296585139704,0.68,0.48,0.84,29.0,pd_d192_k3_eval:returned:final,0.0,0.0,0.0,0.0,0.0,0.0
pd_d192_k3_eval:returned:fixed_step_29,fixed_round,pd_d192_k3_eval,fixed_step_29,returned_means,1,True,False,dev,25,48.729563495140404,24.433486936679472,77.14296585139704,0.68,0.48,0.84,29.0,pd_d192_k3_eval:returned:final,0.0,0.0,0.0,0.0,0.0,0.0
pd_d192_k3_eval:returned:dev_best_round,dev_tuned_fixed_round,pd_d192_k3_eval,fixed_step_29,returned_means,1,True,True,dev,25,48.729563495140404,24.433486936679472,77.14296585139704,0.68,0.48,0.84,29.0,pd_d192_k3_eval:returned:final,0.0,0.0,0.0,0.0,0.0,0.0
pd_d192_k3_eval:returned:score_by_pd_d192_k3_eval,round_verification,pd_d192_k3_eval,pd_d192_k3_eval,returned_means,1,True,False,dev,25,48.729563495140404,24.433486936679472,77.14296585139704,0.68,0.48,0.84,29.0,pd_d192_k3_eval:returned:final,0.0,0.0,0.0,0.0,0.0,0.0
pd_d192_k3_eval:returned:score_by_iter2_multistep_eval,round_verification,pd_d192_k3_eval,iter2_multistep_eval,returned_means,1,True,False,dev,25,48.729563495140404,24.433486936679472,77.14296585139704,0.68,0.48,0.84,29.0,pd_d192_k3_eval:returned:final,0.0,0.0,0.0,0.0,0.0,0.0
pd_d192_k3_eval:returned:score_by_pd_d192_k10_eval,round_verification,pd_d192_k3_eval,pd_d192_k10_eval,returned_means,1,True,False,dev,25,48.729563495140404,24.433486936679472,77.14296585139704,0.68,0.48,0.84,29.0,pd_d192_k3_eval:returned:final,0.0,0.0,0.0,0.0,0.0,0.0
pd_d192_k3_eval:returned:consensus,round_verification,pd_d192_k3_eval,all_rank_consensus,returned_means,3,True,False,dev,25,48.729563495140404,24.433486936679472,77.14296585139704,0.68,0.48,0.84,29.0,pd_d192_k3_eval:returned:final,0.0,0.0,0.0,0.0,0.0,0.0
pd_d192_k3_eval:returned:nonself_consensus,round_verification,pd_d192_k3_eval,nonself_rank_consensus,returned_means,2,True,False,dev,25,48.729563495140404,24.433486936679472,77.14296585139704,0.68,0.48,0.84,29.0,pd_d192_k3_eval:returned:final,0.0,0.0,0.0,0.0,0.0,0.0
pd_d192_k3_eval:returned:oracle_round,oracle_ceiling,pd_d192_k3_eval,true_simulator_cost,returned_means,1,False,False,dev,25,48.729563495140404,24.433486936679472,77.14296585139704,0.68,0.48,0.84,29.0,pd_d192_k3_eval:returned:final,0.0,0.0,0.0,0.0,0.0,0.0
pd_d192_k3_eval:population_all:score_by_pd_d192_k3_eval,population_verification,pd_d192_k3_eval,pd_d192_k3_eval,all_recorded_populations,300,True,False,dev,25,49.670782644311466,25.163429330864354,78.38416120237027,0.72,0.52,0.88,29.0,pd_d192_k3_eval:returned:final,0.9412191491710584,-1.0037494009756167,2.8788657709729675,0.04,0.0,0.12
pd_d192_k3_eval:population_elite:score_by_pd_d192_k3_eval,elite_verification,pd_d192_k3_eval,pd_d192_k3_eval,recorded_generator_elites,30,True,False,dev,25,49.670782644311466,25.163429330864354,78.38416120237027,0.72,0.52,0.88,29.0,pd_d192_k3_eval:returned:final,0.9412191491710584,-1.0037494009756167,2.8788657709729675,0.04,0.0,0.12
pd_d192_k3_eval:population_all:score_by_iter2_multistep_eval,population_verification,pd_d192_k3_eval,iter2_multistep_eval,all_recorded_populations,300,True,False,dev,25,51.18487363383878,25.515790125337546,81.83531771928115,0.68,0.48,0.84,29.0,pd_d192_k3_eval:returned:final,2.4553101386983722,-2.275720855089971,8.629863348304994,0.0,-0.12,0.12
pd_d192_k3_eval:population_elite:score_by_iter2_multistep_eval,elite_verification,pd_d192_k3_eval,iter2_multistep_eval,recorded_generator_elites,30,True,False,dev,25,48.45127772712262,24.389291949641404,76.40916898279745,0.72,0.56,0.88,29.0,pd_d192_k3_eval:returned:final,-0.2782857680177811,-2.6777623890449083,2.1578839467957325,0.04,0.0,0.12
pd_d192_k3_eval:population_all:score_by_pd_d192_k10_eval,population_verification,pd_d192_k3_eval,pd_d192_k10_eval,all_recorded_populations,300,True,False,dev,25,51.3418032184559,25.886162022377526,81.95760785453732,0.68,0.48,0.84,29.0,pd_d192_k3_eval:returned:final,2.6122397233154895,-2.5712050578328633,8.871649734680005,0.0,-0.12,0.12
pd_d192_k3_eval:population_elite:score_by_pd_d192_k10_eval,elite_verification,pd_d192_k3_eval,pd_d192_k10_eval,recorded_generator_elites,30,True,False,dev,25,49.770398854844714,25.993636924939224,77.56053990702057,0.72,0.52,0.88,29.0,pd_d192_k3_eval:returned:final,1.04083535970432,-1.0446536405291211,3.224991198086223,0.04,0.0,0.12
pd_d192_k3_eval:population_all:all_rank_consensus,population_verification,pd_d192_k3_eval,all_rank_consensus,all_recorded_populations,900,True,False,dev,25,47.33020580723783,23.501739564632206,75.09946506659126,0.72,0.52,0.88,29.0,pd_d192_k3_eval:returned:final,-1.399357687902571,-3.488639199562132,0.58773108164229,0.04,0.0,0.12
pd_d192_k3_eval:population_elite:all_rank_consensus,elite_verification,pd_d192_k3_eval,all_rank_consensus,recorded_generator_elites,90,True,False,dev,25,47.44868787032128,23.578876409136736,75.3445296782988,0.72,0.52,0.88,29.0,pd_d192_k3_eval:returned:final,-1.2808756248191202,-3.4055379460548925,0.6607830535725202,0.04,0.0,0.12
pd_d192_k3_eval:population_all:nonself_rank_consensus,population_verification,pd_d192_k3_eval,nonself_rank_consensus,all_recorded_populations,600,True,False,dev,25,50.21177597700607,24.57884645536653,81.00224513003212,0.76,0.6,0.92,29.0,pd_d192_k3_eval:returned:final,1.4822124818656721,-3.2540783457453233,7.771932632057125,0.08,0.0,0.2
pd_d192_k3_eval:population_elite:nonself_rank_consensus,elite_verification,pd_d192_k3_eval,nonself_rank_consensus,recorded_generator_elites,60,True,False,dev,25,47.592479739880694,23.720515697063536,75.52704032383686,0.76,0.6,0.92,29.0,pd_d192_k3_eval:returned:final,-1.1370837552597144,-3.596762929325436,1.4071553829489514,0.08,0.0,0.2
portfolio:returned:score_by_pd_d192_k3_eval,multi_proposer_portfolio,all,pd_d192_k3_eval,all_returned_means,1,True,False,dev,25,48.729563495140404,24.433486936679472,77.14296585139704,0.68,0.48,0.84,29.0,pd_d192_k3_eval:returned:final,0.0,0.0,0.0,0.0,0.0,0.0
portfolio:returned:score_by_iter2_multistep_eval,multi_proposer_portfolio,all,iter2_multistep_eval,all_returned_means,1,True,False,dev,25,48.729563495140404,24.433486936679472,77.14296585139704,0.68,0.48,0.84,29.0,pd_d192_k3_eval:returned:final,0.0,0.0,0.0,0.0,0.0,0.0
portfolio:returned:score_by_pd_d192_k10_eval,multi_proposer_portfolio,all,pd_d192_k10_eval,all_returned_means,1,True,False,dev,25,48.729563495140404,24.433486936679472,77.14296585139704,0.68,0.48,0.84,29.0,pd_d192_k3_eval:returned:final,0.0,0.0,0.0,0.0,0.0,0.0
portfolio:returned:rank_consensus,multi_proposer_portfolio,all,all_rank_consensus,all_returned_means,3,True,False,dev,25,48.729563495140404,24.433486936679472,77.14296585139704,0.68,0.48,0.84,29.0,pd_d192_k3_eval:returned:final,0.0,0.0,0.0,0.0,0.0,0.0
portfolio:returned:oracle,oracle_ceiling,all,true_simulator_cost,all_returned_means,1,False,False,dev,25,48.729563495140404,24.433486936679472,77.14296585139704,0.68,0.48,0.84,29.0,pd_d192_k3_eval:returned:final,0.0,0.0,0.0,0.0,0.0,0.0
pd_d192_k3_eval:returned:final,baseline,pd_d192_k3_eval,fixed_step_29,returned_means,1,True,False,test,25,135.43876436849857,59.99436477436872,229.2215632860983,0.48,0.28,0.68,29.0,pd_d192_k3_eval:returned:final,0.0,0.0,0.0,0.0,0.0,0.0
pd_d192_k3_eval:returned:fixed_step_29,fixed_round,pd_d192_k3_eval,fixed_step_29,returned_means,1,True,False,test,25,135.43876436849857,59.99436477436872,229.2215632860983,0.48,0.28,0.68,29.0,pd_d192_k3_eval:returned:final,0.0,0.0,0.0,0.0,0.0,0.0
pd_d192_k3_eval:returned:dev_best_round,dev_tuned_fixed_round,pd_d192_k3_eval,fixed_step_29,returned_means,1,True,True,test,25,135.43876436849857,59.99436477436872,229.2215632860983,0.48,0.28,0.68,29.0,pd_d192_k3_eval:returned:final,0.0,0.0,0.0,0.0,0.0,0.0
pd_d192_k3_eval:returned:score_by_pd_d192_k3_eval,round_verification,pd_d192_k3_eval,pd_d192_k3_eval,returned_means,1,True,False,test,25,135.43876436849857,59.99436477436872,229.2215632860983,0.48,0.28,0.68,29.0,pd_d192_k3_eval:returned:final,0.0,0.0,0.0,0.0,0.0,0.0
pd_d192_k3_eval:returned:score_by_iter2_multistep_eval,round_verification,pd_d192_k3_eval,iter2_multistep_eval,returned_means,1,True,False,test,25,135.43876436849857,59.99436477436872,229.2215632860983,0.48,0.28,0.68,29.0,pd_d192_k3_eval:returned:final,0.0,0.0,0.0,0.0,0.0,0.0
pd_d192_k3_eval:returned:score_by_pd_d192_k10_eval,round_verification,pd_d192_k3_eval,pd_d192_k10_eval,returned_means,1,True,False,test,25,135.43876436849857,59.99436477436872,229.2215632860983,0.48,0.28,0.68,29.0,pd_d192_k3_eval:returned:final,0.0,0.0,0.0,0.0,0.0,0.0
pd_d192_k3_eval:returned:consensus,round_verification,pd_d192_k3_eval,all_rank_consensus,returned_means,3,True,False,test,25,135.43876436849857,59.99436477436872,229.2215632860983,0.48,0.28,0.68,29.0,pd_d192_k3_eval:returned:final,0.0,0.0,0.0,0.0,0.0,0.0
pd_d192_k3_eval:returned:nonself_consensus,round_verification,pd_d192_k3_eval,nonself_rank_consensus,returned_means,2,True,False,test,25,135.43876436849857,59.99436477436872,229.2215632860983,0.48,0.28,0.68,29.0,pd_d192_k3_eval:returned:final,0.0,0.0,0.0,0.0,0.0,0.0
pd_d192_k3_eval:returned:oracle_round,oracle_ceiling,pd_d192_k3_eval,true_simulator_cost,returned_means,1,False,False,test,25,135.43876436849857,59.99436477436872,229.2215632860983,0.48,0.28,0.68,29.0,pd_d192_k3_eval:returned:final,0.0,0.0,0.0,0.0,0.0,0.0
pd_d192_k3_eval:population_all:score_by_pd_d192_k3_eval,population_verification,pd_d192_k3_eval,pd_d192_k3_eval,all_recorded_populations,300,True,False,test,25,137.6412110709741,61.40314127109215,232.94923592105934,0.48,0.28,0.68,29.0,pd_d192_k3_eval:returned:final,2.202446702475496,0.36952300627782064,4.383978756585625,0.0,-0.12,0.12
pd_d192_k3_eval:population_elite:score_by_pd_d192_k3_eval,elite_verification,pd_d192_k3_eval,pd_d192_k3_eval,recorded_generator_elites,30,True,False,test,25,137.6412110709741,61.40314127109215,232.94923592105934,0.48,0.28,0.68,29.0,pd_d192_k3_eval:returned:final,2.202446702475496,0.36952300627782064,4.383978756585625,0.0,-0.12,0.12
pd_d192_k3_eval:population_all:score_by_iter2_multistep_eval,population_verification,pd_d192_k3_eval,iter2_multistep_eval,all_recorded_populations,300,True,False,test,25,137.56321489675042,60.518901049380666,233.06941740833548,0.56,0.36,0.76,29.0,pd_d192_k3_eval:returned:final,2.1244505282518342,-1.9886103251302276,6.99756812699865,0.08,0.0,0.2
pd_d192_k3_eval:population_elite:score_by_iter2_multistep_eval,elite_verification,pd_d192_k3_eval,iter2_multistep_eval,recorded_generator_elites,30,True,False,test,25,137.28007074697328,60.5329736719174,233.29271798044545,0.52,0.32,0.72,29.0,pd_d192_k3_eval:returned:final,1.8413063784746646,-0.853057164649116,4.546405676234679,0.04,-0.08,0.2
pd_d192_k3_eval:population_all:score_by_pd_d192_k10_eval,population_verification,pd_d192_k3_eval,pd_d192_k10_eval,all_recorded_populations,300,True,False,test,25,137.3022508543039,61.89288710910465,231.15791106311082,0.48,0.28,0.68,29.0,pd_d192_k3_eval:returned:final,1.8634864858053073,-1.481505416472912,5.761370254510863,0.0,-0.12,0.12
pd_d192_k3_eval:population_elite:score_by_pd_d192_k10_eval,elite_verification,pd_d192_k3_eval,pd_d192_k10_eval,recorded_generator_elites,30,True,False,test,25,136.1194833626288,60.98367122993846,230.08905012389508,0.44,0.24,0.64,29.0,pd_d192_k3_eval:returned:final,0.6807189941302363,-1.16983901132566,2.622687838624003,-0.04,-0.12,0.0
pd_d192_k3_eval:population_all:all_rank_consensus,population_verification,pd_d192_k3_eval,all_rank_consensus,all_recorded_populations,900,True,False,test,25,137.50528605032153,60.78089054002175,233.29484401790899,0.48,0.28,0.68,29.0,pd_d192_k3_eval:returned:final,2.0665216818229117,-1.0391161113690903,5.761867718225835,0.0,-0.12,0.12
pd_d192_k3_eval:population_elite:all_rank_consensus,elite_verification,pd_d192_k3_eval,all_rank_consensus,recorded_generator_elites,90,True,False,test,25,137.7665502304355,60.90500543439864,233.67645751211208,0.48,0.28,0.68,29.0,pd_d192_k3_eval:returned:final,2.3277858619369196,-0.8360934307799116,6.043613595390256,0.0,-0.12,0.12
pd_d192_k3_eval:population_all:nonself_rank_consensus,population_verification,pd_d192_k3_eval,nonself_rank_consensus,all_recorded_populations,600,True,False,test,25,140.0608141703694,62.58648767092518,237.07548201567081,0.48,0.28,0.68,29.0,pd_d192_k3_eval:returned:final,4.622049801870808,0.5736972299178335,9.250492238285842,0.0,-0.12,0.12
pd_d192_k3_eval:population_elite:nonself_rank_consensus,elite_verification,pd_d192_k3_eval,nonself_rank_consensus,recorded_generator_elites,60,True,False,test,25,137.61071924139284,60.941139765626104,233.25162319938642,0.52,0.32,0.72,29.0,pd_d192_k3_eval:returned:final,2.1719548728942426,-0.9569888040584867,5.561411351793912,0.04,-0.08,0.2
portfolio:returned:score_by_pd_d192_k3_eval,multi_proposer_portfolio,all,pd_d192_k3_eval,all_returned_means,1,True,False,test,25,135.43876436849857,59.99436477436872,229.2215632860983,0.48,0.28,0.68,29.0,pd_d192_k3_eval:returned:final,0.0,0.0,0.0,0.0,0.0,0.0
portfolio:returned:score_by_iter2_multistep_eval,multi_proposer_portfolio,all,iter2_multistep_eval,all_returned_means,1,True,False,test,25,135.43876436849857,59.99436477436872,229.2215632860983,0.48,0.28,0.68,29.0,pd_d192_k3_eval:returned:final,0.0,0.0,0.0,0.0,0.0,0.0
portfolio:returned:score_by_pd_d192_k10_eval,multi_proposer_portfolio,all,pd_d192_k10_eval,all_returned_means,1,True,False,test,25,135.43876436849857,59.99436477436872,229.2215632860983,0.48,0.28,0.68,29.0,pd_d192_k3_eval:returned:final,0.0,0.0,0.0,0.0,0.0,0.0
portfolio:returned:rank_consensus,multi_proposer_portfolio,all,all_rank_consensus,all_returned_means,3,True,False,test,25,135.43876436849857,59.99436477436872,229.2215632860983,0.48,0.28,0.68,29.0,pd_d192_k3_eval:returned:final,0.0,0.0,0.0,0.0,0.0,0.0
portfolio:returned:oracle,oracle_ceiling,all,true_simulator_cost,all_returned_means,1,False,False,test,25,135.43876436849857,59.99436477436872,229.2215632860983,0.48,0.28,0.68,29.0,pd_d192_k3_eval:returned:final,0.0,0.0,0.0,0.0,0.0,0.0
