state_index,split,dataset_row,episode,start,generator,scorer,is_self_scorer,step,elite_count,elite_overlap,update_cosine,relative_update_error,learned_update_norm,oracle_update_norm,learned_elite_success_fraction,oracle_elite_success_fraction
0,dev,151146,1243,59,pd_d192_k3_eval,pd_d192_k3_eval,True,29,30,0.13333333333333333,0.027333971153754664,1.1611375772518189,0.4370640308965088,0.7071252779793008,0.0,0.0
0,dev,151146,1243,59,pd_d192_k3_eval,iter2_multistep_eval,False,29,30,0.4,0.6192153119303923,0.8254907288252282,0.6179543587257309,0.7071252779793008,0.0,0.0
0,dev,151146,1243,59,pd_d192_k3_eval,pd_d192_k10_eval,False,29,30,0.0,-0.06086667397085013,1.4338919830235843,0.6849041446133303,0.7071252779793008,0.0,0.0
1,test,160867,1323,0,pd_d192_k3_eval,pd_d192_k3_eval,True,29,30,0.0,-0.2533100090893536,1.2875152301347133,0.2558864276610906,0.42911336735158295,0.0,0.0
1,test,160867,1323,0,pd_d192_k3_eval,iter2_multistep_eval,False,29,30,0.0,-0.07260750157462174,2.0304991047449685,0.7278036837186876,0.42911336735158295,0.0,0.0
1,test,160867,1323,0,pd_d192_k3_eval,pd_d192_k10_eval,False,29,30,0.0,-0.022479951781717106,2.0168251152982752,0.7419868524623378,0.42911336735158295,0.0,0.0
2,dev,202352,1644,51,pd_d192_k3_eval,pd_d192_k3_eval,True,29,30,0.3,0.3776762043383867,1.1556791764341505,0.3167916212319012,0.29628274680243183,1.0,1.0
2,dev,202352,1644,51,pd_d192_k3_eval,iter2_multistep_eval,False,29,30,0.23333333333333334,0.5186225052490238,1.174203978613711,0.39211116586613576,0.29628274680243183,0.8333333333333334,1.0
2,dev,202352,1644,51,pd_d192_k3_eval,pd_d192_k10_eval,False,29,30,0.0,0.13113932420814117,1.3936064249827216,0.3290505862822486,0.29628274680243183,0.9,1.0
3,test,209765,1698,66,pd_d192_k3_eval,pd_d192_k3_eval,True,29,30,0.03333333333333333,-0.040612626999127266,1.3104253782876796,0.29651679790890245,0.36731905750999383,1.0,1.0
3,test,209765,1698,66,pd_d192_k3_eval,iter2_multistep_eval,False,29,30,0.03333333333333333,-0.2902078375501224,1.528761395785953,0.331317548289804,0.36731905750999383,1.0,1.0
3,test,209765,1698,66,pd_d192_k3_eval,pd_d192_k10_eval,False,29,30,0.3,0.3774923740327163,1.1131920336119663,0.36559584871594497,0.36731905750999383,1.0,1.0
4,dev,217353,1773,11,pd_d192_k3_eval,pd_d192_k3_eval,True,29,30,0.06666666666666667,-0.06074692140662217,1.2555095337266302,0.2610177637526108,0.3724426659352546,0.8,1.0
4,dev,217353,1773,11,pd_d192_k3_eval,iter2_multistep_eval,False,29,30,0.06666666666666667,-0.31637626372164884,1.6695497728304753,0.39385193784443456,0.3724426659352546,0.8666666666666667,1.0
4,dev,217353,1773,11,pd_d192_k3_eval,pd_d192_k10_eval,False,29,30,0.13333333333333333,-0.2773438548818269,1.5196541941749016,0.3352189501544442,0.3724426659352546,0.9666666666666667,1.0
5,test,223315,1841,14,pd_d192_k3_eval,pd_d192_k3_eval,True,29,30,0.1,0.1189491959011931,1.1851589483825709,0.2696134659631283,0.3519488571229998,1.0,1.0
5,test,223315,1841,14,pd_d192_k3_eval,iter2_multistep_eval,False,29,30,0.03333333333333333,-0.24749071150455138,1.7440043025394514,0.42325849971474366,0.3519488571229998,0.9,1.0
5,test,223315,1841,14,pd_d192_k3_eval,pd_d192_k10_eval,False,29,30,0.0,-0.011192576991331773,1.4770499341317405,0.37866687618526235,0.3519488571229998,0.8,1.0
6,dev,310451,2671,96,pd_d192_k3_eval,pd_d192_k3_eval,True,29,30,0.13333333333333333,0.07860898312445404,1.2688849015030135,0.27589172965407216,0.3194582283272261,1.0,1.0
6,dev,310451,2671,96,pd_d192_k3_eval,iter2_multistep_eval,False,29,30,0.0,-0.3807733913593346,1.7159611891467665,0.34014019863457406,0.3194582283272261,0.8666666666666667,1.0
6,dev,310451,2671,96,pd_d192_k3_eval,pd_d192_k10_eval,False,29,30,0.06666666666666667,-0.0842186928005377,1.4639892563891104,0.31572964931459496,0.3194582283272261,1.0,1.0
7,test,390562,3199,35,pd_d192_k3_eval,pd_d192_k3_eval,True,29,30,0.2,0.11536316901024579,1.2129643991476187,0.2655548868019923,0.32724394067584256,1.0,1.0
7,test,390562,3199,35,pd_d192_k3_eval,iter2_multistep_eval,False,29,30,0.0,-0.08600136980885725,1.5036501775141613,0.34040358797996795,0.32724394067584256,0.9666666666666667,1.0
7,test,390562,3199,35,pd_d192_k3_eval,pd_d192_k10_eval,False,29,30,0.36666666666666664,0.6126882961004234,0.9056828370000913,0.3452455779436778,0.32724394067584256,1.0,1.0
8,dev,431727,3540,24,pd_d192_k3_eval,pd_d192_k3_eval,True,29,30,0.2,0.3239428121401049,1.0457501127606852,0.19183739852185372,0.2492973503328468,1.0,1.0
8,dev,431727,3540,24,pd_d192_k3_eval,iter2_multistep_eval,False,29,30,0.43333333333333335,0.6366393974626544,1.0428066885013918,0.33371064498742053,0.2492973503328468,1.0,1.0
8,dev,431727,3540,24,pd_d192_k3_eval,pd_d192_k10_eval,False,29,30,0.43333333333333335,0.6919603045759951,1.0123548753722431,0.3494297375127256,0.2492973503328468,1.0,1.0
9,test,474074,3847,75,pd_d192_k3_eval,pd_d192_k3_eval,True,29,30,0.03333333333333333,-0.057661378492722876,1.3454307306833768,0.19766144985822803,0.23411675688777117,0.03333333333333333,0.7333333333333333
9,test,474074,3847,75,pd_d192_k3_eval,iter2_multistep_eval,False,29,30,0.2,-0.018034607837843206,1.7177214123538889,0.32277882877502473,0.23411675688777117,0.2,0.7333333333333333
9,test,474074,3847,75,pd_d192_k3_eval,pd_d192_k10_eval,False,29,30,0.36666666666666664,0.42659685428651495,1.3901800984543025,0.3470397455506964,0.23411675688777117,0.3333333333333333,0.7333333333333333
10,dev,533874,4318,18,pd_d192_k3_eval,pd_d192_k3_eval,True,29,30,0.36666666666666664,0.5057171348579835,0.9807779728952791,0.2949820958031657,0.30339401644792113,1.0,1.0
10,dev,533874,4318,18,pd_d192_k3_eval,iter2_multistep_eval,False,29,30,0.06666666666666667,-0.04234388758565151,1.738568010616326,0.4188276571325194,0.30339401644792113,1.0,1.0
10,dev,533874,4318,18,pd_d192_k3_eval,pd_d192_k10_eval,False,29,30,0.1,0.03246185243633762,1.3753344612882554,0.2964876292969698,0.30339401644792113,1.0,1.0
11,test,644580,5118,142,pd_d192_k3_eval,pd_d192_k3_eval,True,29,30,0.0,-0.013426203760691556,1.1211553032439239,0.3061568586829538,0.6201366219461195,0.0,0.0
11,test,644580,5118,142,pd_d192_k3_eval,iter2_multistep_eval,False,29,30,0.0,-0.039961547188745075,1.173679496022947,0.35705361866585084,0.6201366219461195,0.0,0.0
11,test,644580,5118,142,pd_d192_k3_eval,pd_d192_k10_eval,False,29,30,0.6333333333333333,0.7991282266893531,0.6036755808237654,0.46143225852432784,0.6201366219461195,0.0,0.0
12,dev,829738,6657,59,pd_d192_k3_eval,pd_d192_k3_eval,True,29,30,0.06666666666666667,0.11209596780635514,1.0415213648847965,0.24938250661525974,0.5880592841012116,1.0,1.0
12,dev,829738,6657,59,pd_d192_k3_eval,iter2_multistep_eval,False,29,30,0.06666666666666667,0.07104364802247283,1.218420420891557,0.45324944269061285,0.5880592841012116,0.7,1.0
12,dev,829738,6657,59,pd_d192_k3_eval,pd_d192_k10_eval,False,29,30,0.03333333333333333,0.1855588544386736,1.1697825388705545,0.4823511926767747,0.5880592841012116,1.0,1.0
13,test,869151,6996,39,pd_d192_k3_eval,pd_d192_k3_eval,True,29,30,0.03333333333333333,0.05730071119476788,1.223012679075788,0.3137583740146057,0.4108232886899788,0.9333333333333333,1.0
13,test,869151,6996,39,pd_d192_k3_eval,iter2_multistep_eval,False,29,30,0.0,-0.2700576883452848,1.5879032627084506,0.4077935247368949,0.4108232886899788,0.7666666666666667,1.0
13,test,869151,6996,39,pd_d192_k3_eval,pd_d192_k10_eval,False,29,30,0.0,-0.39965368522862565,1.6483277599974946,0.3986119967532592,0.4108232886899788,0.7666666666666667,1.0
14,dev,942841,7582,51,pd_d192_k3_eval,pd_d192_k3_eval,True,29,30,0.0,0.002259649763216288,1.357725489469138,0.2352681753102128,0.2555483318941399,1.0,1.0
14,dev,942841,7582,51,pd_d192_k3_eval,iter2_multistep_eval,False,29,30,0.0,-0.08154169684394039,1.6714405166554593,0.32205073729186723,0.2555483318941399,0.9666666666666667,1.0
14,dev,942841,7582,51,pd_d192_k3_eval,pd_d192_k10_eval,False,29,30,0.03333333333333333,-0.009851841935475916,1.7269124200678856,0.35728168504919144,0.2555483318941399,1.0,1.0
15,test,1018266,8252,97,pd_d192_k3_eval,pd_d192_k3_eval,True,29,30,0.16666666666666666,0.2365679583901029,1.0652252579853407,0.15823562088718743,0.23504126248642845,1.0,1.0
15,test,1018266,8252,97,pd_d192_k3_eval,iter2_multistep_eval,False,29,30,0.26666666666666666,0.5739062696482767,1.1012989577695078,0.30796691768520057,0.23504126248642845,1.0,1.0
15,test,1018266,8252,97,pd_d192_k3_eval,pd_d192_k10_eval,False,29,30,0.1,-0.03035720253670009,1.6635253544681727,0.30541119774800535,0.23504126248642845,1.0,1.0
16,dev,1030584,8327,40,pd_d192_k3_eval,pd_d192_k3_eval,True,29,30,0.5333333333333333,0.5462351738027174,0.889081169766682,0.2502285290164112,0.296376573475921,1.0,1.0
16,dev,1030584,8327,40,pd_d192_k3_eval,iter2_multistep_eval,False,29,30,0.03333333333333333,-0.08604573663282909,1.4426548693054717,0.28373359556873085,0.296376573475921,0.9666666666666667,1.0
16,dev,1030584,8327,40,pd_d192_k3_eval,pd_d192_k10_eval,False,29,30,0.2,0.16560977268368293,1.3265776404476117,0.312046691356632,0.296376573475921,1.0,1.0
17,test,1040084,8384,49,pd_d192_k3_eval,pd_d192_k3_eval,True,29,30,0.06666666666666667,-0.1339246125170078,1.344844851798064,0.37230349781745853,0.48025543261071396,0.0,0.03333333333333333
17,test,1040084,8384,49,pd_d192_k3_eval,iter2_multistep_eval,False,29,30,0.1,-0.03995477884171738,1.3039682078508472,0.3831754151210313,0.48025543261071396,0.0,0.03333333333333333
17,test,1040084,8384,49,pd_d192_k3_eval,pd_d192_k10_eval,False,29,30,0.2,0.0687193582376246,1.590042821472767,0.6276200740278447,0.48025543261071396,0.0,0.03333333333333333
18,dev,1045185,8421,7,pd_d192_k3_eval,pd_d192_k3_eval,True,29,30,0.03333333333333333,0.013506198631664792,1.165640146675566,0.3175026386130515,0.518296932136174,0.0,0.0
18,dev,1045185,8421,7,pd_d192_k3_eval,iter2_multistep_eval,False,29,30,0.0,-0.5208522577149242,1.7914933415229242,0.5463797167542346,0.518296932136174,0.0,0.0
18,dev,1045185,8421,7,pd_d192_k3_eval,pd_d192_k10_eval,False,29,30,0.0,-0.7391162461119823,2.0453417907719724,0.6178778320511399,0.518296932136174,0.0,0.0
19,test,1055880,8502,55,pd_d192_k3_eval,pd_d192_k3_eval,True,29,30,0.06666666666666667,0.2181017236681268,1.0278138755756328,0.2829933674036173,0.5235333230760323,0.0,0.0
19,test,1055880,8502,55,pd_d192_k3_eval,iter2_multistep_eval,False,29,30,0.06666666666666667,-0.42094598640647535,1.4129685832859207,0.3467974652122575,0.5235333230760323,0.0,0.0
19,test,1055880,8502,55,pd_d192_k3_eval,pd_d192_k10_eval,False,29,30,0.0,-0.499185723457276,1.5807675464142392,0.43083571968204193,0.5235333230760323,0.0,0.0
20,dev,1056082,8504,47,pd_d192_k3_eval,pd_d192_k3_eval,True,29,30,0.23333333333333334,-0.12800601676042547,1.514657683101607,0.3977158348963827,0.39114584523916884,1.0,1.0
20,dev,1056082,8504,47,pd_d192_k3_eval,iter2_multistep_eval,False,29,30,0.2,0.37301959562082465,1.2043566403024983,0.4462527476760833,0.39114584523916884,0.9666666666666667,1.0
20,dev,1056082,8504,47,pd_d192_k3_eval,pd_d192_k10_eval,False,29,30,0.43333333333333335,0.6688187416654783,1.1180550454029827,0.5882453808735473,0.39114584523916884,1.0,1.0
21,test,1180892,9642,28,pd_d192_k3_eval,pd_d192_k3_eval,True,29,30,0.1,-0.08051362984220188,1.4149239538784224,0.27178846605095813,0.2942314037814193,1.0,1.0
21,test,1180892,9642,28,pd_d192_k3_eval,iter2_multistep_eval,False,29,30,0.0,-0.29017436765296845,1.9218187642962128,0.40499055604287526,0.2942314037814193,1.0,1.0
21,test,1180892,9642,28,pd_d192_k3_eval,pd_d192_k10_eval,False,29,30,0.03333333333333333,-0.28686154464062386,1.7833431102880055,0.3581776920041311,0.2942314037814193,1.0,1.0
22,dev,1212032,9909,97,pd_d192_k3_eval,pd_d192_k3_eval,True,29,30,0.4666666666666667,0.38816886736198436,1.088083209962965,0.31356791939836937,0.32439788298775396,1.0,1.0
22,dev,1212032,9909,97,pd_d192_k3_eval,iter2_multistep_eval,False,29,30,0.06666666666666667,0.1845312057110443,1.457191831956867,0.40886598668712437,0.32439788298775396,1.0,1.0
22,dev,1212032,9909,97,pd_d192_k3_eval,pd_d192_k10_eval,False,29,30,0.36666666666666664,0.07559634440022878,1.4004915733416048,0.34353879375884827,0.32439788298775396,1.0,1.0
23,test,1242570,10146,97,pd_d192_k3_eval,pd_d192_k3_eval,True,29,30,0.13333333333333333,0.1767315397104117,1.099931571355492,0.3267782643292304,0.48938383109802813,1.0,1.0
23,test,1242570,10146,97,pd_d192_k3_eval,iter2_multistep_eval,False,29,30,0.16666666666666666,0.2382320197956619,1.1272216342729702,0.39659961201521765,0.48938383109802813,0.9666666666666667,1.0
23,test,1242570,10146,97,pd_d192_k3_eval,pd_d192_k10_eval,False,29,30,0.0,0.10086369218486786,1.2176223095229946,0.3928992979242587,0.48938383109802813,0.8,1.0
24,dev,1283018,10404,128,pd_d192_k3_eval,pd_d192_k3_eval,True,29,30,0.06666666666666667,-0.04509436095540187,1.4803497430816,0.3435845388943997,0.32804640933362467,1.0,1.0
24,dev,1283018,10404,128,pd_d192_k3_eval,iter2_multistep_eval,False,29,30,0.06666666666666667,0.14247642442505085,1.3280067847158499,0.33718531468546115,0.32804640933362467,0.9666666666666667,1.0
24,dev,1283018,10404,128,pd_d192_k3_eval,pd_d192_k10_eval,False,29,30,0.16666666666666666,0.18836311681972806,1.3353200179639195,0.35858959431326404,0.32804640933362467,1.0,1.0
25,test,1301452,10501,132,pd_d192_k3_eval,pd_d192_k3_eval,True,29,30,0.1,0.08276667160331312,1.0985636141443815,0.2352540921463154,0.43163088358874463,1.0,1.0
25,test,1301452,10501,132,pd_d192_k3_eval,iter2_multistep_eval,False,29,30,0.13333333333333333,0.4154686522023703,1.0587989357430334,0.41323536410879685,0.43163088358874463,0.9666666666666667,1.0
25,test,1301452,10501,132,pd_d192_k3_eval,pd_d192_k10_eval,False,29,30,0.1,0.5979084040245665,0.9450823478248691,0.4741823737097199,0.43163088358874463,1.0,1.0
26,dev,1474720,11770,36,pd_d192_k3_eval,pd_d192_k3_eval,True,29,30,0.23333333333333334,0.3473563296925742,1.0233324129953583,0.3130291608511668,0.41347429089167714,0.9333333333333333,1.0
26,dev,1474720,11770,36,pd_d192_k3_eval,iter2_multistep_eval,False,29,30,0.3,0.49820723001443434,1.0818180818350875,0.47349195637927544,0.41347429089167714,0.8333333333333334,1.0
26,dev,1474720,11770,36,pd_d192_k3_eval,pd_d192_k10_eval,False,29,30,0.3,0.6156748305226187,1.0034557128565655,0.5114457025132193,0.41347429089167714,0.9333333333333333,1.0
27,test,1505301,12050,1,pd_d192_k3_eval,pd_d192_k3_eval,True,29,30,0.03333333333333333,0.3020961016580285,1.0051259521374873,0.2772498342289006,0.4466369474510329,0.0,0.0
27,test,1505301,12050,1,pd_d192_k3_eval,iter2_multistep_eval,False,29,30,0.0,-0.5887620441848749,1.7853162716724305,0.4480173367560509,0.4466369474510329,0.0,0.0
27,test,1505301,12050,1,pd_d192_k3_eval,pd_d192_k10_eval,False,29,30,0.26666666666666666,0.4012901301525719,1.0253003083231724,0.3850111824598145,0.4466369474510329,0.0,0.0
28,dev,1529062,12219,83,pd_d192_k3_eval,pd_d192_k3_eval,True,29,30,0.03333333333333333,0.14133803616947604,1.1463547016081268,0.24997202531029925,0.3474938585276835,1.0,1.0
28,dev,1529062,12219,83,pd_d192_k3_eval,iter2_multistep_eval,False,29,30,0.03333333333333333,0.20630476721904284,1.284603997824506,0.3609183385001093,0.3474938585276835,1.0,1.0
28,dev,1529062,12219,83,pd_d192_k3_eval,pd_d192_k10_eval,False,29,30,0.06666666666666667,0.08492330326933169,1.2830399833301063,0.3104013647889159,0.3474938585276835,1.0,1.0
29,test,1580839,12585,6,pd_d192_k3_eval,pd_d192_k3_eval,True,29,30,0.0,0.009969193127667102,1.2543760045205417,0.2106374311174066,0.2745156698381904,0.0,0.0
29,test,1580839,12585,6,pd_d192_k3_eval,iter2_multistep_eval,False,29,30,0.6666666666666666,0.8527113688646966,0.5645618815300528,0.29286155748215864,0.2745156698381904,0.0,0.0
29,test,1580839,12585,6,pd_d192_k3_eval,pd_d192_k10_eval,False,29,30,0.1,0.34789661412663186,1.090582234716443,0.24844591571381816,0.2745156698381904,0.0,0.0
30,dev,1626162,12946,66,pd_d192_k3_eval,pd_d192_k3_eval,True,29,30,0.16666666666666666,0.005758580708508994,1.2703044178878256,0.28154489570994984,0.3567685522541229,1.0,1.0
30,dev,1626162,12946,66,pd_d192_k3_eval,iter2_multistep_eval,False,29,30,0.2,0.38977611935698564,1.0991449516440692,0.3531343858150308,0.3567685522541229,0.9,1.0
30,dev,1626162,12946,66,pd_d192_k3_eval,pd_d192_k10_eval,False,29,30,0.36666666666666664,-0.014187906620915309,1.5958283221370226,0.43866267223814775,0.3567685522541229,1.0,1.0
31,test,1634000,13016,64,pd_d192_k3_eval,pd_d192_k3_eval,True,29,30,0.0,-0.2620953016798885,1.2096467944583065,0.19552997795304874,0.4184729489638396,0.0,0.0
31,test,1634000,13016,64,pd_d192_k3_eval,iter2_multistep_eval,False,29,30,0.03333333333333333,-0.23820293565227196,1.5061148122793133,0.38203931407526737,0.4184729489638396,0.0,0.0
31,test,1634000,13016,64,pd_d192_k3_eval,pd_d192_k10_eval,False,29,30,0.03333333333333333,-0.04637212830980275,1.3429600819590533,0.3562173286577287,0.4184729489638396,0.0,0.0
32,dev,1671846,13289,108,pd_d192_k3_eval,pd_d192_k3_eval,True,29,30,0.0,-0.1452642925203839,1.1960873212112364,0.4241097829407702,0.8050040560766634,0.0,0.0
32,dev,1671846,13289,108,pd_d192_k3_eval,iter2_multistep_eval,False,29,30,0.0,-0.4187084888784004,1.526894842502512,0.6510700880151529,0.8050040560766634,0.0,0.0
32,dev,1671846,13289,108,pd_d192_k3_eval,pd_d192_k10_eval,False,29,30,0.0,-0.13615169919496614,1.4223381749193842,0.7119682245702941,0.8050040560766634,0.0,0.0
33,test,1711529,13555,30,pd_d192_k3_eval,pd_d192_k3_eval,True,29,30,0.06666666666666667,-0.11713690467519508,1.2196179480276486,0.2548376287465564,0.4313359215584489,0.4666666666666667,1.0
33,test,1711529,13555,30,pd_d192_k3_eval,iter2_multistep_eval,False,29,30,0.26666666666666666,0.24693305307142985,1.2500780797774178,0.4471493757672797,0.4313359215584489,0.9333333333333333,1.0
33,test,1711529,13555,30,pd_d192_k3_eval,pd_d192_k10_eval,False,29,30,0.03333333333333333,-0.0743515010725067,2.1159230255348302,0.7728835335692509,0.4313359215584489,0.36666666666666664,1.0
34,dev,1765609,14019,13,pd_d192_k3_eval,pd_d192_k3_eval,True,29,30,0.13333333333333333,0.3916816898944286,1.0361026761227818,0.304520005800572,0.3508107617555326,1.0,1.0
34,dev,1765609,14019,13,pd_d192_k3_eval,iter2_multistep_eval,False,29,30,0.03333333333333333,0.056786430427529754,1.886785067001333,0.5815673032374905,0.3508107617555326,0.7,1.0
34,dev,1765609,14019,13,pd_d192_k3_eval,pd_d192_k10_eval,False,29,30,0.13333333333333333,0.40127933652931524,1.22959312300285,0.4285500765590525,0.3508107617555326,0.9666666666666667,1.0
35,test,1772758,14077,32,pd_d192_k3_eval,pd_d192_k3_eval,True,29,30,0.0,0.05454432000622724,1.3708666700050602,0.24321573933824445,0.2447266247982741,0.0,0.0
35,test,1772758,14077,32,pd_d192_k3_eval,iter2_multistep_eval,False,29,30,0.0,-0.454423031955292,1.7926090299086936,0.2694917328209977,0.2447266247982741,0.0,0.0
35,test,1772758,14077,32,pd_d192_k3_eval,pd_d192_k10_eval,False,29,30,0.7,0.813208230982171,0.6112709394097209,0.24477155640020512,0.2447266247982741,0.0,0.0
36,dev,1801558,14288,40,pd_d192_k3_eval,pd_d192_k3_eval,True,29,30,0.1,0.12873194852039035,1.0897772538689567,0.18198279647813664,0.31343821410004113,1.0,1.0
36,dev,1801558,14288,40,pd_d192_k3_eval,iter2_multistep_eval,False,29,30,0.13333333333333333,0.34172827878387557,1.3346754390616726,0.40415633738249945,0.31343821410004113,1.0,1.0
36,dev,1801558,14288,40,pd_d192_k3_eval,pd_d192_k10_eval,False,29,30,0.2,0.4635239564454373,1.2447862028085939,0.419315590079025,0.31343821410004113,1.0,1.0
37,test,1813392,14407,16,pd_d192_k3_eval,pd_d192_k3_eval,True,29,30,0.03333333333333333,-0.09340862371749269,1.1766912128091036,0.20460159140739098,0.38332882799332624,0.9333333333333333,1.0
37,test,1813392,14407,16,pd_d192_k3_eval,iter2_multistep_eval,False,29,30,0.13333333333333333,-0.11104881471101195,1.4944213888472297,0.3852561487307762,0.38332882799332624,0.9666666666666667,1.0
37,test,1813392,14407,16,pd_d192_k3_eval,pd_d192_k10_eval,False,29,30,0.23333333333333334,0.26365776496520493,1.2033651728597432,0.3768521763573702,0.38332882799332624,0.9666666666666667,1.0
38,dev,1820592,14461,52,pd_d192_k3_eval,pd_d192_k3_eval,True,29,30,0.0,-0.21478048048509626,1.312307887162074,0.3186510832469113,0.48153745580863344,0.0,0.0
38,dev,1820592,14461,52,pd_d192_k3_eval,iter2_multistep_eval,False,29,30,0.13333333333333333,-0.03211254951598952,1.40553492981706,0.4603968923417743,0.48153745580863344,0.0,0.0
38,dev,1820592,14461,52,pd_d192_k3_eval,pd_d192_k10_eval,False,29,30,0.7666666666666667,0.9337815496467154,0.4377798794121475,0.5710891586130554,0.48153745580863344,0.0,0.0
39,test,1829692,14510,38,pd_d192_k3_eval,pd_d192_k3_eval,True,29,30,0.1,0.281800772588302,1.0570184054255334,0.3430135103242344,0.4729204939777809,0.5,1.0
39,test,1829692,14510,38,pd_d192_k3_eval,iter2_multistep_eval,False,29,30,0.5,0.7217227176523288,0.749016579354977,0.4766665472007603,0.4729204939777809,1.0,1.0
39,test,1829692,14510,38,pd_d192_k3_eval,pd_d192_k10_eval,False,29,30,0.4,0.5782061684481833,1.0471979383952605,0.583901154508386,0.4729204939777809,0.8333333333333334,1.0
40,dev,1917705,15252,22,pd_d192_k3_eval,pd_d192_k3_eval,True,29,30,0.0,-0.1955351248876537,1.5145801662810092,0.13039791034000256,0.1360197482560956,0.0,0.0
40,dev,1917705,15252,22,pd_d192_k3_eval,iter2_multistep_eval,False,29,30,0.0,-0.5770969635955864,1.8212697968372564,0.14293022217398926,0.1360197482560956,0.0,0.0
40,dev,1917705,15252,22,pd_d192_k3_eval,pd_d192_k10_eval,False,29,30,0.0,-0.38609293674727996,2.0317385146831892,0.19371439008962177,0.1360197482560956,0.0,0.0
41,test,1932213,15421,0,pd_d192_k3_eval,pd_d192_k3_eval,True,29,30,0.1,-0.008637008806207259,1.2946375084904862,1.0566786560210222,1.298684626027087,0.0,0.0
41,test,1932213,15421,0,pd_d192_k3_eval,iter2_multistep_eval,False,29,30,0.0,-0.5925004858567687,1.5180197231739239,0.9014674150283741,1.298684626027087,0.0,0.0
41,test,1932213,15421,0,pd_d192_k3_eval,pd_d192_k10_eval,False,29,30,0.0,-0.3485107838210154,1.4271408724719807,0.9450293828179802,1.298684626027087,0.0,0.0
42,dev,1962695,15702,23,pd_d192_k3_eval,pd_d192_k3_eval,True,29,30,0.0,-0.207451372071676,1.4395695341378971,0.3054949702157802,0.3599682571371067,0.0,0.0
42,dev,1962695,15702,23,pd_d192_k3_eval,iter2_multistep_eval,False,29,30,0.4,0.5660405495467244,1.1210814382177372,0.47724380036465586,0.3599682571371067,0.0,0.0
42,dev,1962695,15702,23,pd_d192_k3_eval,pd_d192_k10_eval,False,29,30,0.36666666666666664,0.5563889599812957,1.140522448407404,0.48150953889958786,0.3599682571371067,0.0,0.0
43,test,2004621,16013,81,pd_d192_k3_eval,pd_d192_k3_eval,True,29,30,0.0,-0.5180155689296893,1.6230566314755515,0.7444484675318883,0.8642797284677177,0.0,0.0
43,test,2004621,16013,81,pd_d192_k3_eval,iter2_multistep_eval,False,29,30,0.06666666666666667,-0.10257351645880655,1.2065739378243383,0.5015578241447164,0.8642797284677177,0.0,0.0
43,test,2004621,16013,81,pd_d192_k3_eval,pd_d192_k10_eval,False,29,30,0.03333333333333333,-0.09897259601579356,1.225242705090596,0.5322932200724427,0.8642797284677177,0.0,0.0
44,dev,2005201,16016,127,pd_d192_k3_eval,pd_d192_k3_eval,True,29,30,0.06666666666666667,0.07720011139262345,1.159732976694306,0.2126905760972952,0.317637132196376,0.5333333333333333,1.0
44,dev,2005201,16016,127,pd_d192_k3_eval,iter2_multistep_eval,False,29,30,0.13333333333333333,-0.012858610749865745,1.3815229586794038,0.2987174630837916,0.317637132196376,0.6666666666666666,1.0
44,dev,2005201,16016,127,pd_d192_k3_eval,pd_d192_k10_eval,False,29,30,0.23333333333333334,0.06536587510872469,1.1786811204515484,0.22003072930702416,0.317637132196376,0.8333333333333334,1.0
45,test,2065261,16353,31,pd_d192_k3_eval,pd_d192_k3_eval,True,29,30,0.0,0.04080549488995095,1.0677888659696384,0.17697879809726547,0.4239830063916898,0.3,0.8
45,test,2065261,16353,31,pd_d192_k3_eval,iter2_multistep_eval,False,29,30,0.0,0.09244894325671098,1.2885907797709437,0.38598611361107443,0.4239830063916898,0.0,0.8
45,test,2065261,16353,31,pd_d192_k3_eval,pd_d192_k10_eval,False,29,30,0.1,0.30872507492758217,1.076831959566874,0.3449439875428822,0.4239830063916898,0.03333333333333333,0.8
46,dev,2079106,16491,32,pd_d192_k3_eval,pd_d192_k3_eval,True,29,30,0.0,0.09415741425368239,1.2191646451820817,0.36363449695954936,0.4557498167371016,1.0,1.0
46,dev,2079106,16491,32,pd_d192_k3_eval,iter2_multistep_eval,False,29,30,0.06666666666666667,0.025606480287983006,1.4524485470070934,0.4918891422647737,0.4557498167371016,0.9666666666666667,1.0
46,dev,2079106,16491,32,pd_d192_k3_eval,pd_d192_k10_eval,False,29,30,0.26666666666666666,0.2391182474418541,1.3045346143732397,0.5060269863423065,0.4557498167371016,1.0,1.0
47,test,2163075,17254,80,pd_d192_k3_eval,pd_d192_k3_eval,True,29,30,0.5,0.3802763968864696,1.05973321728968,0.3696717333860734,0.4118353460957607,1.0,1.0
47,test,2163075,17254,80,pd_d192_k3_eval,iter2_multistep_eval,False,29,30,0.03333333333333333,0.09498597951338285,1.400524651092509,0.4448321367166611,0.4118353460957607,1.0,1.0
47,test,2163075,17254,80,pd_d192_k3_eval,pd_d192_k10_eval,False,29,30,0.0,0.07475350316988055,1.2034050027888024,0.3082090397173419,0.4118353460957607,1.0,1.0
48,dev,2259080,17908,39,pd_d192_k3_eval,pd_d192_k3_eval,True,29,30,0.23333333333333334,0.3685805232341901,0.9794862867096987,0.22554024880871587,0.3330490030572626,0.23333333333333334,0.6666666666666666
48,dev,2259080,17908,39,pd_d192_k3_eval,iter2_multistep_eval,False,29,30,0.26666666666666666,0.41776181922874384,0.9907487509542602,0.270724510777666,0.3330490030572626,0.23333333333333334,0.6666666666666666
48,dev,2259080,17908,39,pd_d192_k3_eval,pd_d192_k10_eval,False,29,30,0.13333333333333333,0.1683183984587932,1.4943067718698013,0.4300952608485524,0.3330490030572626,0.2,0.6666666666666666
49,test,2270553,18000,34,pd_d192_k3_eval,pd_d192_k3_eval,True,29,30,0.13333333333333333,0.19831418141390106,1.215036160159736,0.31181106641532,0.34025802515530923,0.5,1.0
49,test,2270553,18000,34,pd_d192_k3_eval,iter2_multistep_eval,False,29,30,0.06666666666666667,-0.14102733346581126,1.6394051587551148,0.3966389959569991,0.34025802515530923,0.43333333333333335,1.0
49,test,2270553,18000,34,pd_d192_k3_eval,pd_d192_k10_eval,False,29,30,0.2,0.04327351387405678,1.5425406024721717,0.4146256562247957,0.34025802515530923,0.5666666666666667,1.0
