protocol,horizon,goal_offset,k_train,num_samples,success_rate,n_success,evaluation_time_seconds,source,success_bits
fixcand,1,25,1,300,60.0,30,50.621909618377686,gateA_iter2_baseline_h1_off25_fixcand.txt,10111111100111000101111111101111011001000100001010
fixcand,1,25,2,300,52.0,26,53.80053734779358,gateA_pd_d192_k2_h1_off25_fixcand.txt,10010011110100000010010011101111011111010101011000
fixcand,1,25,3,300,62.0,31,46.812978982925415,gateA_pd_d192_k3_h1_off25_fixcand.txt,10010111110110000011010111101111111011000101111001
fixcand,1,25,5,300,52.0,26,53.38920760154724,gateA_iter2_multistep_h1_off25_fixcand.txt,10010011010010000110101110101111111001000101101001
fixcand,1,25,10,300,40.0,20,60.429932832717896,gateA_pd_d192_k10_h1_off25_fixcand.txt,00000001100000010110010110110111110011000000111000
fixcand,1,40,1,300,22.0,11,77.1763505935669,gateA_iter2_baseline_h1_off40_fixcand.txt,00010000000110000010010001000000001010100001000100
fixcand,1,40,2,300,14.0,7,79.3072714805603,gateA_pd_d192_k2_h1_off40_fixcand.txt,00000001000000000010010001000000001010000000000100
fixcand,1,40,3,300,14.0,7,77.97299814224243,gateA_pd_d192_k3_h1_off40_fixcand.txt,00000010000010011000000001000000000001000000000100
fixcand,1,40,5,300,22.0,11,73.63985896110535,gateA_iter2_multistep_h1_off40_fixcand.txt,00000000000010010010000011001000000010000000111100
fixcand,1,40,10,300,16.0,8,77.80754446983337,gateA_pd_d192_k10_h1_off40_fixcand.txt,00000000000010000000011001000000100000000000011100
fixcand,1,60,1,300,10.0,5,81.85433721542358,gateA_iter2_baseline_h1_off60_fixcand.txt,01000001000000000000000000100000000000001000001000
fixcand,1,60,2,300,8.0,4,82.24099636077881,gateA_pd_d192_k2_h1_off60_fixcand.txt,00010000000000000000000000100000000010000000001000
fixcand,1,60,3,300,18.0,9,76.41407775878906,gateA_pd_d192_k3_h1_off60_fixcand.txt,01010001100000000000000000110000000000001000001001
fixcand,1,60,5,300,6.0,3,83.32876467704773,gateA_iter2_multistep_h1_off60_fixcand.txt,00000000000000000000000000100000000000001000001000
fixcand,1,60,10,300,6.0,3,83.1932623386383,gateA_pd_d192_k10_h1_off60_fixcand.txt,00000000000000000000000000100000000000001000001000
fixcand,3,25,1,300,80.0,40,44.821014404296875,gateA_iter2_baseline_h3_off25_fixcand.txt,01011111111111011011111101101110011111111101111101
fixcand,3,25,2,300,80.0,40,42.81560277938843,gateA_pd_d192_k2_h3_off25_fixcand.txt,11111111111111001111101111110110011101101101111101
fixcand,3,25,3,300,88.0,44,39.07542705535889,gateA_pd_d192_k3_h3_off25_fixcand.txt,11111111111111011011101111111111111011011101111111
fixcand,3,25,5,300,82.0,41,40.19233798980713,gateA_iter2_multistep_h3_off25_fixcand.txt,10111111111111000011101111101111111111111101111101
fixcand,3,25,10,300,84.0,42,38.86342144012451,gateA_pd_d192_k10_h3_off25_fixcand.txt,11111111111111000111111111111111111111001010111101
fixcand,3,40,1,300,40.0,20,68.87084746360779,gateA_iter2_baseline_h3_off40_fixcand.txt,00000001100110011010010111001000001110010001011100
fixcand,3,40,2,300,40.0,20,69.5796627998352,gateA_pd_d192_k2_h3_off40_fixcand.txt,00010001100110011001011111010000001010000001011100
fixcand,3,40,3,300,48.0,24,62.72744798660278,gateA_pd_d192_k3_h3_off40_fixcand.txt,00010111101111011000011111001000010011000000111100
fixcand,3,40,5,300,36.0,18,69.3937623500824,gateA_iter2_multistep_h3_off40_fixcand.txt,00110001100010011000001101001000010011000000101110
fixcand,3,40,10,300,40.0,20,69.37856125831604,gateA_pd_d192_k10_h3_off40_fixcand.txt,10100001000010110000011111001000011001000000111101
fixcand,3,60,1,300,20.0,10,78.50229215621948,gateA_iter2_baseline_h3_off60_fixcand.txt,01010001000000000000000000101000000010001000001101
fixcand,3,60,2,300,22.0,11,77.92162203788757,gateA_pd_d192_k2_h3_off60_fixcand.txt,01010001000000001000000000101000000010001000011001
fixcand,3,60,3,300,22.0,11,79.93971037864685,gateA_pd_d192_k3_h3_off60_fixcand.txt,01010001000000010000010000100000000100101001001000
fixcand,3,60,5,300,22.0,11,78.47682523727417,gateA_iter2_multistep_h3_off60_fixcand.txt,01010000000010010000000000111000000010001000001010
fixcand,3,60,10,300,20.0,10,80.24271965026855,gateA_pd_d192_k10_h3_off60_fixcand.txt,01010001000000000000000000111000000000111000001000
fixcand,5,25,1,300,86.0,43,51.96828317642212,gateA_iter2_baseline_h5_off25_fixcand.txt,11011111111011011111111101111110111111111101111101
fixcand,5,25,2,300,76.0,38,50.84819030761719,gateA_pd_d192_k2_h5_off25_fixcand.txt,11011011111111001111101101111110011111001101111101
fixcand,5,25,3,300,86.0,43,47.82834720611572,gateA_pd_d192_k3_h5_off25_fixcand.txt,11011111111111001111101111111111111111011101111011
fixcand,5,25,5,300,90.0,45,47.926886796951294,gateA_iter2_multistep_h5_off25_fixcand.txt,11111111111111011011111111111111111111011101111011
fixcand,5,25,10,300,88.0,44,46.77551007270813,gateA_pd_d192_k10_h5_off25_fixcand.txt,10111111111111110111111111111111111111011100111101
fixcand,5,40,1,300,40.0,20,64.35133409500122,gateA_iter2_baseline_h5_off40_fixcand.txt,00010001100110011000010111101000001011110000100100
fixcand,5,40,2,300,52.0,26,61.51615262031555,gateA_pd_d192_k2_h5_off40_fixcand.txt,10010001000101111000111111101010001011100001111100
fixcand,5,40,3,300,62.0,31,57.48924446105957,gateA_pd_d192_k3_h5_off40_fixcand.txt,00011111101111111000111111101000011011010000111101
fixcand,5,40,5,300,56.0,28,62.22688865661621,gateA_iter2_multistep_h5_off40_fixcand.txt,00111011100011111000101111001000110011110001011101
fixcand,5,40,10,300,52.0,26,59.809898376464844,gateA_pd_d192_k10_h5_off40_fixcand.txt,10100011010011110000011111001010011011110000111100
fixcand,5,60,1,300,20.0,10,71.08863043785095,gateA_iter2_baseline_h5_off60_fixcand.txt,01010001000000000000000000101000001010101000001000
fixcand,5,60,2,300,22.0,11,70.06841397285461,gateA_pd_d192_k2_h5_off60_fixcand.txt,01010001000000001000000000101110000010101000000000
fixcand,5,60,3,300,24.0,12,69.69828820228577,gateA_pd_d192_k3_h5_off60_fixcand.txt,01010001000000010000010000111000000100101000001000
fixcand,5,60,5,300,24.0,12,69.57701969146729,gateA_iter2_multistep_h5_off60_fixcand.txt,01010001000010001000000000111000000000101000001001
fixcand,5,60,10,300,26.0,13,69.16538190841675,gateA_pd_d192_k10_h5_off60_fixcand.txt,01011001000000000000000000111000000000101010001011
fixcand,8,25,1,300,26.0,13,103.67370271682739,gateA_iter2_baseline_h8_off25_fixcand.txt,10001000000101000110000000000100110001100000100100
fixcand,8,25,2,300,32.0,16,103.57540655136108,gateA_pd_d192_k2_h8_off25_fixcand.txt,10011000101001001000100000000100000011001001100110
fixcand,8,25,3,300,30.0,15,104.06628108024597,gateA_pd_d192_k3_h8_off25_fixcand.txt,10001000100011001000000000010100000101011001100100
fixcand,8,25,5,300,42.0,21,104.42505741119385,gateA_iter2_multistep_h8_off25_fixcand.txt,00001100000111010010010110110010000011001101101010
fixcand,8,25,10,300,22.0,11,106.98802590370178,gateA_pd_d192_k10_h8_off25_fixcand.txt,00001000000000000010100001000100000110001001101000
fixcand,8,40,1,300,8.0,4,108.36911535263062,gateA_iter2_baseline_h8_off40_fixcand.txt,00000010000000010000000001000000000000000000001000
fixcand,8,40,2,300,12.0,6,109.3649959564209,gateA_pd_d192_k2_h8_off40_fixcand.txt,00001010000000010000000000000000100000000000001100
fixcand,8,40,3,300,18.0,9,109.47641372680664,gateA_pd_d192_k3_h8_off40_fixcand.txt,00000000001010000000100000001000010011000000001010
fixcand,8,40,5,300,4.0,2,109.1574866771698,gateA_iter2_multistep_h8_off40_fixcand.txt,00000000000000000000100000000000000000000000001000
fixcand,8,40,10,300,20.0,10,109.28877925872803,gateA_pd_d192_k10_h8_off40_fixcand.txt,00000000000111010000000001001000110000100000001000
fixcand,8,60,1,300,14.0,7,109.06875944137573,gateA_iter2_baseline_h8_off60_fixcand.txt,00000001000000000000010100010100000000101000000000
fixcand,8,60,2,300,8.0,4,109.55163764953613,gateA_pd_d192_k2_h8_off60_fixcand.txt,00000000000000000000010000000000000100001000001000
fixcand,8,60,3,300,12.0,6,108.6205735206604,gateA_pd_d192_k3_h8_off60_fixcand.txt,00000100000000000000010000010100000100001000000000
fixcand,8,60,5,300,4.0,2,109.29310607910156,gateA_iter2_multistep_h8_off60_fixcand.txt,00000000000000001000000000000000000000001000000000
fixcand,8,60,10,300,4.0,2,109.49727129936218,gateA_pd_d192_k10_h8_off60_fixcand.txt,00000000000000000000000000100000000000000010000000
fixcand,10,25,1,300,16.0,8,129.4783797264099,gateA_iter2_baseline_h10_off25_fixcand.txt,00000000000101000110000000000000100001100001000000
fixcand,10,25,2,300,12.0,6,128.2982370853424,gateA_pd_d192_k2_h10_off25_fixcand.txt,10001000000001000000000000000000000001000000100100
fixcand,10,25,3,300,22.0,11,124.78060126304626,gateA_pd_d192_k3_h10_off25_fixcand.txt,10001000001011000000000000001100000001000011100000
fixcand,10,25,5,300,30.0,15,130.55225920677185,gateA_iter2_multistep_h10_off25_fixcand.txt,00000100000111011010010000101000000010101001000001
fixcand,10,25,10,300,14.0,7,130.50771474838257,gateA_pd_d192_k10_h10_off25_fixcand.txt,10000000001000001000010000000010100010000000000000
fixcand,10,40,1,300,14.0,7,132.19203734397888,gateA_iter2_baseline_h10_off40_fixcand.txt,10000000000110000000000001000000011000100000000000
fixcand,10,40,2,300,14.0,7,132.7240447998047,gateA_pd_d192_k2_h10_off40_fixcand.txt,10001010010001000000000000000000000000000010001000
fixcand,10,40,3,300,8.0,4,131.86161160469055,gateA_pd_d192_k3_h10_off40_fixcand.txt,00000100000010000000000000000000010000000000001000
fixcand,10,40,5,300,10.0,5,132.32532620429993,gateA_iter2_multistep_h10_off40_fixcand.txt,00000010000000000000100100000000100000000000001000
fixcand,10,40,10,300,12.0,6,132.3367736339569,gateA_pd_d192_k10_h10_off40_fixcand.txt,00000010000000000000000001000000110000000000001100
fixcand,10,60,1,300,6.0,3,132.39322304725647,gateA_iter2_baseline_h10_off60_fixcand.txt,00000001000000000000000000000000000000001000000001
fixcand,10,60,2,300,8.0,4,132.42239665985107,gateA_pd_d192_k2_h10_off60_fixcand.txt,00000000000000000000000100000000000000001000001001
fixcand,10,60,3,300,4.0,2,132.9944179058075,gateA_pd_d192_k3_h10_off60_fixcand.txt,00000001000000000000000000000000000000001000000000
fixcand,10,60,5,300,4.0,2,132.1491940021515,gateA_iter2_multistep_h10_off60_fixcand.txt,00000000000000000000000000000000000000101000000000
fixcand,10,60,10,300,6.0,3,131.02942490577698,gateA_pd_d192_k10_h10_off60_fixcand.txt,00000000000000000000000000100010000000001000000000
fixcalls,1,25,1,1500,48.0,24,153.96641302108765,gateA_iter2_baseline_h1_off25_fixcalls.txt,10110011100111000011010111100111011001000100001000
fixcalls,1,25,2,1500,46.0,23,159.0981137752533,gateA_pd_d192_k2_h1_off25_fixcalls.txt,10000011110001000001010011101110111001000101011100
fixcalls,1,25,3,1500,60.0,30,128.7727987766266,gateA_pd_d192_k3_h1_off25_fixcalls.txt,10000111110111010011010110101111111001100101011001
fixcalls,1,25,5,1500,52.0,26,146.001446723938,gateA_iter2_multistep_h1_off25_fixcalls.txt,10010011010010100110000110101111111001000101111001
fixcalls,1,25,10,1500,36.0,18,176.4777810573578,gateA_pd_d192_k10_h1_off25_fixcalls.txt,00000001100000010110010010110101110011000000111000
fixcalls,1,40,1,1500,26.0,13,202.7135133743286,gateA_iter2_baseline_h1_off40_fixcalls.txt,00010000110110000010010001000010000010010001000100
fixcalls,1,40,2,1500,14.0,7,224.54622650146484,gateA_pd_d192_k2_h1_off40_fixcalls.txt,00010001000010000000000001000000001010000000000100
fixcalls,1,40,3,1500,18.0,9,214.40576720237732,gateA_pd_d192_k3_h1_off40_fixcalls.txt,00000000100010010000001011000000000001000000100100
fixcalls,1,40,5,1500,20.0,10,214.9941840171814,gateA_iter2_multistep_h1_off40_fixcalls.txt,00000001000010011000000001001000000010000001001100
fixcalls,1,40,10,1500,16.0,8,219.16023898124695,gateA_pd_d192_k10_h1_off40_fixcalls.txt,00000000000010000000011011001000000000000000010100
fixcalls,1,60,1,1500,10.0,5,233.7084014415741,gateA_iter2_baseline_h1_off60_fixcalls.txt,01010001000000000000000000000000000000001000001000
fixcalls,1,60,2,1500,12.0,6,232.08965587615967,gateA_pd_d192_k2_h1_off60_fixcalls.txt,00000100000000001000000000100000000010001000001000
fixcalls,1,60,3,1500,18.0,9,218.33364081382751,gateA_pd_d192_k3_h1_off60_fixcalls.txt,01010001100000001000000000110000000000001000001000
fixcalls,1,60,5,1500,8.0,4,238.3616726398468,gateA_iter2_multistep_h1_off60_fixcalls.txt,00000000000000000000000000100000000000101000001000
fixcalls,1,60,10,1500,8.0,4,234.9256181716919,gateA_pd_d192_k10_h1_off60_fixcalls.txt,00010000000000000000000000100000000000001000001000
fixcalls,3,25,1,500,78.0,39,61.748005628585815,gateA_iter2_baseline_h3_off25_fixcalls.txt,01011111111111011111110101101110011111011101111101
fixcalls,3,25,2,500,84.0,42,54.61933207511902,gateA_pd_d192_k2_h3_off25_fixcalls.txt,11011011111111001111101111111111111101101111111101
fixcalls,3,25,3,500,86.0,43,49.5436749458313,gateA_pd_d192_k3_h3_off25_fixcalls.txt,11111111111111000011101111111111111011111101111111
fixcalls,3,25,5,500,84.0,42,51.59322690963745,gateA_iter2_multistep_h3_off25_fixcalls.txt,10111111111111100011101111111111111111111101111001
fixcalls,3,25,10,500,82.0,41,52.287455558776855,gateA_pd_d192_k10_h3_off25_fixcalls.txt,11111111111111000111111111111111011111001010111101
fixcalls,3,40,1,500,44.0,22,90.90433621406555,gateA_iter2_baseline_h3_off40_fixcalls.txt,00000001100110111011111111001000001010000001101100
fixcalls,3,40,2,500,36.0,18,95.69580078125,gateA_pd_d192_k2_h3_off40_fixcalls.txt,00001001100100011000011111001000001010100000011100
fixcalls,3,40,3,500,60.0,30,76.79625391960144,gateA_pd_d192_k3_h3_off40_fixcalls.txt,00010111101111111000111111101010011011000001111100
fixcalls,3,40,5,500,42.0,21,90.15325236320496,gateA_iter2_multistep_h3_off40_fixcalls.txt,00110001100010011001001111001000010011000001111100
fixcalls,3,40,10,500,38.0,19,93.83798909187317,gateA_pd_d192_k10_h3_off40_fixcalls.txt,10000001000010110000011111001000011011000000111100
fixcalls,3,60,1,500,22.0,11,105.91744542121887,gateA_iter2_baseline_h3_off60_fixcalls.txt,01010001000000000000000000101000000010101000001101
fixcalls,3,60,2,500,22.0,11,107.45994997024536,gateA_pd_d192_k2_h3_off60_fixcalls.txt,01010001000010000000000000101000000110101000001000
fixcalls,3,60,3,500,22.0,11,107.43766450881958,gateA_pd_d192_k3_h3_off60_fixcalls.txt,01010001000000000000000000101000000100101001001001
fixcalls,3,60,5,500,18.0,9,108.60162544250488,gateA_iter2_multistep_h3_off60_fixcalls.txt,00010000000000001001000000111000100000001000001000
fixcalls,3,60,10,500,22.0,11,107.80462956428528,gateA_pd_d192_k10_h3_off60_fixcalls.txt,01010101000000001000000000111000000000101000001000
fixcalls,5,25,1,300,86.0,43,51.984517097473145,gateA_iter2_baseline_h5_off25_fixcalls.txt,11011111111011011111111101111110111111111101111101
fixcalls,5,25,2,300,76.0,38,50.91626048088074,gateA_pd_d192_k2_h5_off25_fixcalls.txt,11011011111111001111101101111110011111001101111101
fixcalls,5,25,3,300,86.0,43,47.98894500732422,gateA_pd_d192_k3_h5_off25_fixcalls.txt,11011111111111001111101111111111111111011101111011
fixcalls,5,25,5,300,90.0,45,47.43738770484924,gateA_iter2_multistep_h5_off25_fixcalls.txt,11111111111111011011111111111111111111011101111011
fixcalls,5,25,10,300,88.0,44,46.805139780044556,gateA_pd_d192_k10_h5_off25_fixcalls.txt,10111111111111110111111111111111111111011100111101
fixcalls,5,40,1,300,40.0,20,64.10801458358765,gateA_iter2_baseline_h5_off40_fixcalls.txt,00010001100110011000010111101000001011110000100100
fixcalls,5,40,2,300,52.0,26,61.91509819030762,gateA_pd_d192_k2_h5_off40_fixcalls.txt,10010001000101111000111111101010001011100001111100
fixcalls,5,40,3,300,62.0,31,57.73836350440979,gateA_pd_d192_k3_h5_off40_fixcalls.txt,00011111101111111000111111101000011011010000111101
fixcalls,5,40,5,300,58.0,29,62.270501136779785,gateA_iter2_multistep_h5_off40_fixcalls.txt,00101011100011111000101111001010110011110001111101
fixcalls,5,40,10,300,52.0,26,59.58630871772766,gateA_pd_d192_k10_h5_off40_fixcalls.txt,10100011010011110000011111001010011011110000111100
fixcalls,5,60,1,300,20.0,10,71.10014510154724,gateA_iter2_baseline_h5_off60_fixcalls.txt,01010001000000000000000000101000001010101000001000
fixcalls,5,60,2,300,22.0,11,70.305579662323,gateA_pd_d192_k2_h5_off60_fixcalls.txt,01010001000000001000000000101110000010101000000000
fixcalls,5,60,3,300,24.0,12,69.92017912864685,gateA_pd_d192_k3_h5_off60_fixcalls.txt,01010001000000010000010000111000000100101000001000
fixcalls,5,60,5,300,24.0,12,69.1290934085846,gateA_iter2_multistep_h5_off60_fixcalls.txt,01010001000010001000000000111000000000101000001001
fixcalls,5,60,10,300,26.0,13,68.73530697822571,gateA_pd_d192_k10_h5_off60_fixcalls.txt,01011001000000000000000000111000000000101010001011
fixcalls,8,25,1,187,30.0,15,96.47668671607971,gateA_iter2_baseline_h8_off25_fixcalls.txt,10001000001101000110000000001010110001110001000000
fixcalls,8,25,2,187,34.0,17,98.362957239151,gateA_pd_d192_k2_h8_off25_fixcalls.txt,10011000101001000010100100000110000111001000100100
fixcalls,8,25,3,187,32.0,16,97.13165998458862,gateA_pd_d192_k3_h8_off25_fixcalls.txt,10001000101101000000000000001100100101101001100100
fixcalls,8,25,5,187,42.0,21,98.78844428062439,gateA_iter2_multistep_h8_off25_fixcalls.txt,10011100000011010010110000101011100001001101001001
fixcalls,8,25,10,187,36.0,18,100.1436243057251,gateA_pd_d192_k10_h8_off25_fixcalls.txt,10010000000001001110110001001101100010011101000000
fixcalls,8,40,1,187,8.0,4,101.80973863601685,gateA_iter2_baseline_h8_off40_fixcalls.txt,10000010000100000000000001000000000000000000000000
fixcalls,8,40,2,187,14.0,7,101.98486590385437,gateA_pd_d192_k2_h8_off40_fixcalls.txt,10000000000110000000000000000010100000000000001100
fixcalls,8,40,3,187,20.0,10,101.59224367141724,gateA_pd_d192_k3_h8_off40_fixcalls.txt,10000100000110010000100001100000000000100000001000
fixcalls,8,40,5,187,6.0,3,102.45465779304504,gateA_iter2_multistep_h8_off40_fixcalls.txt,00000000000000000000100000000000000000000000001100
fixcalls,8,40,10,187,8.0,4,102.7223653793335,gateA_pd_d192_k10_h8_off40_fixcalls.txt,00000000000000010000000001000000100000000000001000
fixcalls,8,60,1,187,12.0,6,103.37434911727905,gateA_iter2_baseline_h8_off60_fixcalls.txt,00000000000000000000010000110100000100001000000000
fixcalls,8,60,2,187,10.0,5,102.78473734855652,gateA_pd_d192_k2_h8_off60_fixcalls.txt,00000000000000000000010000110000000000001000001000
fixcalls,8,60,3,187,8.0,4,102.30165076255798,gateA_pd_d192_k3_h8_off60_fixcalls.txt,00000001000000000000000000110000000100000000000000
fixcalls,8,60,5,187,6.0,3,101.77263259887695,gateA_iter2_multistep_h8_off60_fixcalls.txt,00000000000000000000000000000100000000101000000000
fixcalls,8,60,10,187,6.0,3,101.23133063316345,gateA_pd_d192_k10_h8_off60_fixcalls.txt,00000000000000000000000000100000000000001001000000
fixcalls,10,25,1,150,14.0,7,124.80064797401428,gateA_iter2_baseline_h10_off25_fixcalls.txt,00000000001001000010000000001000000001100001000000
fixcalls,10,25,2,150,20.0,10,120.0155839920044,gateA_pd_d192_k2_h10_off25_fixcalls.txt,10101000001000000010000000001100000001000000100100
fixcalls,10,25,3,150,28.0,14,122.01620578765869,gateA_pd_d192_k3_h10_off25_fixcalls.txt,10001000101101001000000000001100100100000001100010
fixcalls,10,25,5,150,30.0,15,122.67288279533386,gateA_iter2_multistep_h10_off25_fixcalls.txt,10001100000011000010100010101000100010000001000011
fixcalls,10,25,10,150,16.0,8,122.53401684761047,gateA_pd_d192_k10_h10_off25_fixcalls.txt,00010000000000001010000000000100100000011000000001
fixcalls,10,40,1,150,10.0,5,125.84952545166016,gateA_iter2_baseline_h10_off40_fixcalls.txt,10001010000110000000000000000000000000000000000000
fixcalls,10,40,2,150,6.0,3,124.9551613330841,gateA_pd_d192_k2_h10_off40_fixcalls.txt,00000000100000000000000000000000000001000000001000
fixcalls,10,40,3,150,10.0,5,126.1386239528656,gateA_pd_d192_k3_h10_off40_fixcalls.txt,00000000000010000000000001000000110000000000001000
fixcalls,10,40,5,150,4.0,2,126.21749210357666,gateA_iter2_multistep_h10_off40_fixcalls.txt,00000000000000000000000100000000000000000000001000
fixcalls,10,40,10,150,12.0,6,125.61344814300537,gateA_pd_d192_k10_h10_off40_fixcalls.txt,00000011000000000000000001000000101000000000000100
fixcalls,10,60,1,150,4.0,2,124.68897867202759,gateA_iter2_baseline_h10_off60_fixcalls.txt,00000000000000000000000000010000000000000000000001
fixcalls,10,60,2,150,0.0,0,126.29536485671997,gateA_pd_d192_k2_h10_off60_fixcalls.txt,00000000000000000000000000000000000000000000000000
fixcalls,10,60,3,150,2.0,1,127.06968593597412,gateA_pd_d192_k3_h10_off60_fixcalls.txt,00000000000000000000000000000000000000001000000000
fixcalls,10,60,5,150,4.0,2,126.9219298362732,gateA_iter2_multistep_h10_off60_fixcalls.txt,00000000000000010000000000000000000000001000000000
fixcalls,10,60,10,150,4.0,2,123.60214710235596,gateA_pd_d192_k10_h10_off60_fixcalls.txt,00000000000000000000000000100000000000000010000000
