state_index,dataset_row,episode,start,generator,step,proposal_oracle_true,proposal_success_coverage,returned_true,returned_success,returned_nreg,returned_self_pred,returned_verifier_pred,self_selected_true,self_selected_success,self_population_rho,self_population_nreg,verifier_selected_true,verifier_selected_success,verifier_population_rho,verifier_population_nreg
0,30633,278,9,pd_d192_k3_eval,4,13.751220886900702,True,33.35025509434002,False,0.10057201509992099,55.77105712890625,55.77105712890625,16.092732503073833,True,0.7816877965310726,0.01201541561313353,16.092732503073833,True,0.7816877965310726,0.01201541561313353
0,30633,278,9,pd_d192_k3_eval,9,11.317669635072738,True,20.96026375134709,True,0.06421078585287873,30.463092803955078,30.463092803955078,12.59649007587412,True,0.8448124979166435,0.008515764998341372,12.59649007587412,True,0.8448124979166435,0.008515764998341372
0,30633,278,9,pd_d192_k3_eval,19,9.704073835282566,True,20.630855591524675,True,0.13478716747884167,22.379186630249023,22.379186630249023,16.041806400883022,True,0.7340503783375371,0.07817901371258702,16.041806400883022,True,0.7340503783375371,0.07817901371258702
0,30633,278,9,pd_d192_k3_eval,29,9.888127100339906,True,14.565883311376645,True,0.08008977500007224,19.506330490112305,19.506330490112305,17.125175656067185,True,0.4522468027422527,0.12390846473042998,17.125175656067185,True,0.4522468027422527,0.12390846473042998
1,43081,380,39,pd_d192_k3_eval,4,27.4929523298509,False,68.73233440862974,False,0.19358451468498955,121.20870971679688,121.20870971679688,56.690977014596655,False,0.742243802708919,0.13706038144702057,56.690977014596655,False,0.742243802708919,0.13706038144702057
1,43081,380,39,pd_d192_k3_eval,9,16.731846850509914,True,25.03469414719662,False,0.06259885559909972,17.834590911865234,17.834590911865234,20.11680331171346,False,0.7489047656085068,0.0255206910536194,20.11680331171346,False,0.7489047656085068,0.0255206910536194
1,43081,380,39,pd_d192_k3_eval,19,10.435957657448041,True,18.60598540556073,True,0.10662468428866646,6.912364959716797,6.912364959716797,19.384969839372133,True,0.42269002988922105,0.11679098627461913,19.384969839372133,True,0.42269002988922105,0.11679098627461913
1,43081,380,39,pd_d192_k3_eval,29,7.384905627815088,True,22.47224416874468,False,0.3356773382457976,4.390436172485352,4.390436172485352,21.784307333787993,False,0.2571966355181724,0.320371470679226,21.784307333787993,False,0.2571966355181724,0.320371470679226
2,68887,624,90,pd_d192_k3_eval,4,89.81099522439465,False,198.1205480579426,False,0.448538154731367,289.55267333984375,289.55267333984375,191.16628387124226,False,0.055937510416782424,0.4197387298956765,191.16628387124226,False,0.055937510416782424,0.4197387298956765
2,68887,624,90,pd_d192_k3_eval,9,105.34652837343725,False,182.38414205616647,False,0.4487198045050072,265.5729675292969,265.5729675292969,179.31701694959298,False,-0.1993319925776953,0.430854768032277,179.31701694959298,False,-0.1993319925776953,0.430854768032277
2,68887,624,90,pd_d192_k3_eval,19,102.50970980625846,False,152.54441731939556,False,0.4042891666087917,253.1204071044922,253.1204071044922,140.40907507507993,False,-0.28894765497394415,0.3062334839373448,140.40907507507993,False,-0.28894765497394415,0.3062334839373448
2,68887,624,90,pd_d192_k3_eval,29,90.53026020703544,False,121.97502452501479,False,0.4565815767696887,243.40911865234375,243.40911865234375,115.60639456633004,False,-0.07090389893221039,0.3641083408759679,115.60639456633004,False,-0.07090389893221039,0.3641083408759679
3,143460,1172,0,pd_d192_k3_eval,4,317.5235974803846,False,412.4461872788333,False,0.5391474520551689,248.46937561035156,248.46937561035156,399.58109596318866,False,-0.4436582628695873,0.4660754760585738,399.58109596318866,False,-0.4436582628695873,0.4660754760585738
3,143460,1172,0,pd_d192_k3_eval,9,402.72348521046865,False,454.96949637711884,False,0.5010261711668175,240.25112915039062,240.25112915039062,449.7358519105028,False,-0.223466038511539,0.4508368305874385,449.7358519105028,False,-0.223466038511539,0.4508368305874385
3,143460,1172,0,pd_d192_k3_eval,19,441.95130570032876,False,460.276176918234,False,0.45282457007142607,228.63888549804688,228.63888549804688,460.2616328346489,False,0.11851376126401404,0.4524651722716707,460.2616328346489,False,0.11851376126401404,0.4524651722716707
3,143460,1172,0,pd_d192_k3_eval,29,450.9106406412208,False,461.0571524036827,False,0.56242883384602,222.75515747070312,222.75515747070312,458.4671017370954,False,0.09495705507838974,0.418860363211599,458.4671017370954,False,0.09495705507838974,0.418860363211599
4,161350,1326,6,pd_d192_k3_eval,4,84.5690443867658,False,90.72120385510696,False,0.05572455976920986,119.20883178710938,119.20883178710938,88.2127481490137,False,0.668074089712108,0.03300366141767551,88.2127481490137,False,0.668074089712108,0.03300366141767551
4,161350,1326,6,pd_d192_k3_eval,9,84.69069863528657,False,92.96283032114638,False,0.12280409496841142,82.5042724609375,82.5042724609375,95.7272104195485,False,0.5137874865276282,0.16384275453342462,95.7272104195485,False,0.5137874865276282,0.16384275453342462
4,161350,1326,6,pd_d192_k3_eval,19,84.58674832190594,False,87.1102947566422,False,0.14044254086667224,36.655818939208984,36.655818939208984,87.91096917173746,False,0.17968421871354123,0.1850023507101027,87.91096917173746,False,0.17968421871354123,0.1850023507101027
4,161350,1326,6,pd_d192_k3_eval,29,84.57489718837842,False,87.37559648775289,False,0.2602361178081043,15.633323669433594,15.633323669433594,86.65381675379656,False,0.12097423304703386,0.19316959770031825,86.65381675379656,False,0.12097423304703386,0.19316959770031825
5,164138,1343,91,pd_d192_k3_eval,4,3.180370568015991,True,17.42529758438328,True,0.0936955431343879,7.918231010437012,7.918231010437012,19.927382816564243,True,0.7857642862698474,0.11015292719317343,19.927382816564243,True,0.7857642862698474,0.11015292719317343
5,164138,1343,91,pd_d192_k3_eval,9,7.313657513630094,True,19.684688455388272,True,0.13146529914821567,4.333855628967285,4.333855628967285,18.084599281134228,True,0.7229600328892546,0.11446136447636257,18.084599281134228,True,0.7229600328892546,0.11446136447636257
5,164138,1343,91,pd_d192_k3_eval,19,9.570846492977033,True,17.672234937820384,True,0.17279719308727484,1.5314111709594727,1.5314111709594727,17.273830462163108,True,0.5302623362481805,0.1642994922825684,17.273830462163108,True,0.5302623362481805,0.1642994922825684
5,164138,1343,91,pd_d192_k3_eval,29,8.379038913192769,True,17.060775102382724,True,0.3920821552159811,1.4163581132888794,1.4163581132888794,17.81023271741795,True,0.1306801186679852,0.4259289515874173,17.81023271741795,True,0.1306801186679852,0.4259289515874173
6,283976,2392,36,pd_d192_k3_eval,4,8.657378213030299,True,18.343866823491023,True,0.06228442314431376,5.5780930519104,5.5780930519104,18.797084471653402,True,0.8178650873898599,0.06519862672311441,18.797084471653402,True,0.8178650873898599,0.06519862672311441
6,283976,2392,36,pd_d192_k3_eval,9,10.346515759740528,True,17.08144386529448,True,0.04864646201894501,4.27115535736084,4.27115535736084,17.696014956108034,True,0.8067165190724341,0.0530855159715104,17.696014956108034,True,0.8067165190724341,0.0530855159715104
6,283976,2392,36,pd_d192_k3_eval,19,11.31513037034426,True,15.110150832830168,True,0.060205500030418725,3.5467803478240967,3.5467803478240967,16.97640285459952,True,0.6597819975777508,0.08981235914068655,16.97640285459952,True,0.6597819975777508,0.08981235914068655
6,283976,2392,36,pd_d192_k3_eval,29,13.004765536612664,True,15.328309121473763,True,0.10177873220946433,3.1297402381896973,3.1297402381896973,16.05259873945064,True,0.378929988110979,0.13350496258898642,16.05259873945064,True,0.378929988110979,0.13350496258898642
7,326635,2812,54,pd_d192_k3_eval,4,12.491670654420084,True,20.444393929674785,True,0.05864486350709331,11.130816459655762,11.130816459655762,22.52679359078902,False,0.838988877654196,0.07400086668568379,22.52679359078902,False,0.838988877654196,0.07400086668568379
7,326635,2812,54,pd_d192_k3_eval,9,8.10289904009212,True,19.945293728434667,True,0.14788282093689387,3.392435312271118,3.392435312271118,18.7914403852483,True,0.49852020578006423,0.1334739879408246,18.7914403852483,True,0.49852020578006423,0.1334739879408246
7,326635,2812,54,pd_d192_k3_eval,19,11.870408243965166,True,19.26545033855619,True,0.17314833388392187,2.0414791107177734,2.0414791107177734,19.113728770380256,True,0.44735652618362426,0.16959590829825366,19.113728770380256,True,0.44735652618362426,0.16959590829825366
7,326635,2812,54,pd_d192_k3_eval,29,11.39146138916563,True,19.909126478981687,True,0.35671785260994976,1.6980359554290771,1.6980359554290771,18.66822672555273,True,0.1986857631751464,0.3047492566767006,18.66822672555273,True,0.1986857631751464,0.3047492566767006
8,377817,3108,5,pd_d192_k3_eval,4,187.36809542026975,False,307.2101222901841,False,0.5372180438100604,147.99432373046875,147.99432373046875,315.183623487411,False,-0.29747797197746645,0.5729610033324414,315.183623487411,False,-0.29747797197746645,0.5729610033324414
8,377817,3108,5,pd_d192_k3_eval,9,217.45874659303163,False,285.0127858610217,False,0.5101431950908133,134.39813232421875,134.39813232421875,280.07085235388956,False,0.04375070834120381,0.4728235355031246,280.07085235388956,False,0.04375070834120381,0.4728235355031246
8,377817,3108,5,pd_d192_k3_eval,19,203.3911697829867,False,233.49732705338496,False,0.38758551198012814,117.12547302246094,117.12547302246094,229.1392125805058,False,0.4127112523472483,0.3314793137008906,229.1392125805058,False,0.4127112523472483,0.3314793137008906
8,377817,3108,5,pd_d192_k3_eval,29,139.46641720941815,False,152.60500121741057,False,0.2926141566610764,88.1617431640625,88.1617431640625,151.11059141659803,False,0.3433673707485639,0.2593316154599239,151.11059141659803,False,0.3433673707485639,0.2593316154599239
9,459527,3743,64,pd_d192_k3_eval,4,20.80942947349641,True,57.92551472844108,False,0.18050360634185106,128.595703125,128.595703125,80.86414604495498,False,0.6420173557483972,0.292059166383714,80.86414604495498,False,0.6420173557483972,0.292059166383714
9,459527,3743,64,pd_d192_k3_eval,9,23.60470080356083,False,49.48866931901302,False,0.1377249306322861,70.85798645019531,70.85798645019531,29.20042612591848,False,0.5141626018066867,0.029774061941041208,29.20042612591848,False,0.5141626018066867,0.029774061941041208
9,459527,3743,64,pd_d192_k3_eval,19,12.676959344909372,True,37.52329811613557,False,0.23115852567679715,29.200786590576172,29.200786590576172,38.7340589094107,False,0.2879796442182691,0.2424228685845283,38.7340589094107,False,0.2879796442182691,0.2424228685845283
9,459527,3743,64,pd_d192_k3_eval,29,10.788419182788095,True,36.88325203310997,False,0.35425642596211065,10.486529350280762,10.486529350280762,40.185536461624594,False,0.007881865354059473,0.3990873503779186,40.185536461624594,False,0.007881865354059473,0.3990873503779186
10,471804,3833,11,pd_d192_k3_eval,4,227.32403411026053,False,294.31279380989287,False,0.2804697944882465,52.68580627441406,52.68580627441406,287.85637540499283,False,0.46271891909910107,0.2534379409165139,287.85637540499283,False,0.46271891909910107,0.2534379409165139
10,471804,3833,11,pd_d192_k3_eval,9,84.10958530629564,False,127.3132425357878,False,0.24192892044396958,11.816186904907227,11.816186904907227,109.28930991790118,False,0.3881909798997767,0.14099972046356746,109.28930991790118,False,0.3881909798997767,0.14099972046356746
10,471804,3833,11,pd_d192_k3_eval,19,3.395815477588334,True,33.37119027869222,False,0.39619095641213853,2.2054388523101807,2.2054388523101807,40.116931555334666,False,0.23975955288392095,0.4853508653652499,40.116931555334666,False,0.23975955288392095,0.4853508653652499
10,471804,3833,11,pd_d192_k3_eval,29,9.531388337324556,True,35.808295752134555,False,0.47851101859925216,1.8303698301315308,1.8303698301315308,35.804808776015875,False,0.04450005000055556,0.4784475196315829,35.804808776015875,False,0.04450005000055556,0.4784475196315829
11,496196,3986,69,pd_d192_k3_eval,4,34.129597553722405,False,59.62058188581418,False,0.15383713589186299,41.81290054321289,41.81290054321289,86.66723320073919,False,0.341665574061934,0.3170626637705866,86.66723320073919,False,0.341665574061934,0.3170626637705866
11,496196,3986,69,pd_d192_k3_eval,9,24.715829707091277,False,74.40373315109125,False,0.23921874911909888,25.34174919128418,25.34174919128418,29.286114761740674,False,0.5745997177746419,0.02200330056435419,29.286114761740674,False,0.5745997177746419,0.02200330056435419
11,496196,3986,69,pd_d192_k3_eval,19,23.12868658852016,True,83.76630983067801,False,0.5010397460947618,12.037934303283691,12.037934303283691,82.5210042530368,False,0.373315259058434,0.4907499695984109,82.5210042530368,False,0.373315259058434,0.4907499695984109
11,496196,3986,69,pd_d192_k3_eval,29,29.68658421958805,False,88.97546130290078,False,0.596513044776196,9.388118743896484,9.388118743896484,90.19041305510031,False,0.22989677663085148,0.6087368311694231,90.19041305510031,False,0.22989677663085148,0.6087368311694231
12,502306,4030,19,pd_d192_k3_eval,4,8.3016996862778,True,18.30222305852241,True,0.05768876212487035,5.39266300201416,5.39266300201416,17.58134849158364,True,0.5949639440438227,0.053530343623552884,17.58134849158364,True,0.5949639440438227,0.053530343623552884
12,502306,4030,19,pd_d192_k3_eval,9,7.696150642908474,True,15.960416002802916,True,0.05119923406798056,5.220330238342285,5.220330238342285,21.53437259559837,True,0.5568172979699774,0.08573131839143736,21.53437259559837,True,0.5568172979699774,0.08573131839143736
12,502306,4030,19,pd_d192_k3_eval,19,4.788006417116003,True,17.385594098333392,True,0.15182154070271894,2.9854021072387695,2.9854021072387695,20.519310693059655,True,0.36613162368470764,0.18958795230280415,20.519310693059655,True,0.36613162368470764,0.18958795230280415
12,502306,4030,19,pd_d192_k3_eval,29,5.060006766195612,True,17.392941174333497,True,0.2150888874185667,2.6293582916259766,2.6293582916259766,17.627307719782777,True,0.16756141734908167,0.21917628769498068,17.627307719782777,True,0.16756141734908167,0.21917628769498068
13,634492,5065,18,pd_d192_k3_eval,4,11.771103928907914,True,12.41484278772626,True,0.004453921187484091,17.213050842285156,17.213050842285156,23.598092758841375,False,0.48293336592628805,0.08182895193009149,23.598092758841375,False,0.48293336592628805,0.08182895193009149
13,634492,5065,18,pd_d192_k3_eval,9,6.716348485909468,True,15.69106225988492,True,0.06869894012638564,10.240041732788086,10.240041732788086,25.962977663294044,False,0.7386517627973643,0.14732759827127012,25.962977663294044,False,0.7386517627973643,0.14732759827127012
13,634492,5065,18,pd_d192_k3_eval,19,8.535368447069237,True,19.12502460935854,True,0.11029997808783455,4.702775955200195,4.702775955200195,19.13846647618436,True,0.6135121501350015,0.11043998618570153,19.13846647618436,True,0.6135121501350015,0.11043998618570153
13,634492,5065,18,pd_d192_k3_eval,29,10.843653313439068,True,17.696510345437478,True,0.10835836180049578,3.695827007293701,3.695827007293701,18.069828413691205,True,0.5468180757563973,0.11426132083168734,18.069828413691205,True,0.5468180757563973,0.11426132083168734
14,658744,5204,46,pd_d192_k3_eval,4,31.557063791506852,False,45.73076612439328,False,0.12268034037672956,65.51836395263672,65.51836395263672,31.557063791506852,False,0.6069987444304936,0.0,31.557063791506852,False,0.6069987444304936,0.0
14,658744,5204,46,pd_d192_k3_eval,9,14.90345685963756,True,30.877707757212775,False,0.11635357791973744,29.35062026977539,29.35062026977539,44.89088263186742,False,0.6928108090089892,0.21842302988562165,44.89088263186742,False,0.6928108090089892,0.21842302988562165
14,658744,5204,46,pd_d192_k3_eval,19,7.369126333488982,True,64.37372400918517,False,0.6353380551132803,9.973207473754883,9.973207473754883,42.732302871749425,False,0.15424660274003044,0.3941361349880202,42.732302871749425,False,0.15424660274003044,0.3941361349880202
14,658744,5204,46,pd_d192_k3_eval,29,40.56489854061047,False,57.41949901935365,False,0.48190888025526496,6.288320064544678,6.288320064544678,57.552948835104324,False,-0.28757963977377526,0.4857244943577639,57.552948835104324,False,-0.28757963977377526,0.4857244943577639
15,668349,5273,45,pd_d192_k3_eval,4,48.80008532527436,False,65.34887514967325,False,0.14656555223967582,141.4097900390625,141.4097900390625,59.66765110146788,False,0.31736841520461345,0.09624938115658627,59.66765110146788,False,0.31736841520461345,0.09624938115658627
15,668349,5273,45,pd_d192_k3_eval,9,37.41876128057301,False,48.950385222765355,False,0.10759602828526899,94.39469909667969,94.39469909667969,43.53713332320386,False,0.49969710774564163,0.05708758234389253,43.53713332320386,False,0.49969710774564163,0.05708758234389253
15,668349,5273,45,pd_d192_k3_eval,19,9.70300093604577,True,15.37947364737966,True,0.05845293909691836,11.430135726928711,11.430135726928711,18.100071083345966,True,0.6073405260058445,0.0864680330326737,18.100071083345966,True,0.6073405260058445,0.0864680330326737
15,668349,5273,45,pd_d192_k3_eval,29,8.151589412445885,True,12.750893671041526,True,0.06537707930661522,7.716367721557617,7.716367721557617,12.425150740217362,True,0.5288280980899788,0.06074678737012062,12.425150740217362,True,0.5288280980899788,0.06074678737012062
16,704961,5616,16,pd_d192_k3_eval,4,35.18099813397229,False,55.35918402866156,False,0.1503831325763529,306.2640686035156,306.2640686035156,52.75321003141397,False,0.57602373359704,0.13096143950820868,52.75321003141397,False,0.57602373359704,0.13096143950820868
16,704961,5616,16,pd_d192_k3_eval,9,35.653538192367535,False,65.08523565155218,False,0.17775138426939446,281.4372863769531,281.4372863769531,70.1777584616225,False,0.33489927665862956,0.20850744175363523,70.1777584616225,False,0.33489927665862956,0.20850744175363523
16,704961,5616,16,pd_d192_k3_eval,19,47.18169951849745,False,93.96368136398866,False,0.41398923725732817,229.63888549804688,229.63888549804688,86.75858854982188,False,-0.09201524461382903,0.35022898681824505,86.75858854982188,False,-0.09201524461382903,0.35022898681824505
16,704961,5616,16,pd_d192_k3_eval,29,56.86228319732089,False,85.05589980523325,False,0.537675858320205,192.12631225585938,192.12631225585938,83.53345553258563,False,-0.3305618951321681,0.5086415722112438,83.53345553258563,False,-0.3305618951321681,0.5086415722112438
17,734121,5889,10,pd_d192_k3_eval,4,132.89988221956824,False,162.37262940630347,False,0.2653087756746259,306.21551513671875,306.21551513671875,157.45803359475832,False,0.2521756908410094,0.22106840033955952,157.45803359475832,False,0.2521756908410094,0.22106840033955952
17,734121,5889,10,pd_d192_k3_eval,9,108.59526752554409,False,148.11081079068958,False,0.20030867050431783,231.9375,231.9375,147.4942621613691,False,0.04582806475627508,0.19718331713610596,147.4942621613691,False,0.04582806475627508,0.19718331713610596
17,734121,5889,10,pd_d192_k3_eval,19,124.10492282440727,False,153.8462020486539,False,0.42600911029760535,208.6362762451172,208.6362762451172,159.21769658417858,False,0.0330034778164202,0.5029494998078781,159.21769658417858,False,0.0330034778164202,0.5029494998078781
17,734121,5889,10,pd_d192_k3_eval,29,132.83205269366124,False,159.34226039589234,False,0.4929576819901058,189.71466064453125,189.71466064453125,160.21739058439263,False,0.06213935710396782,0.5092307400516751,160.21739058439263,False,0.06213935710396782,0.5092307400516751
18,746433,5977,36,pd_d192_k3_eval,4,177.26316410300677,False,264.7345547522908,False,0.49849935118374467,323.2416076660156,323.2416076660156,240.79300410854069,False,0.10778653096145512,0.36205648256519374,240.79300410854069,False,0.10778653096145512,0.36205648256519374
18,746433,5977,36,pd_d192_k3_eval,9,167.16522317306445,False,225.46119343328954,False,0.42589199363973645,295.54754638671875,295.54754638671875,207.03458874828425,False,-0.04644851609462326,0.291273024776589,207.03458874828425,False,-0.04644851609462326,0.291273024776589
18,746433,5977,36,pd_d192_k3_eval,19,119.49504356881017,False,168.9745150769305,False,0.508308479877713,224.84666442871094,224.84666442871094,168.234781557148,False,-0.39272969699663335,0.5007091096844903,168.234781557148,False,-0.39272969699663335,0.5007091096844903
18,746433,5977,36,pd_d192_k3_eval,29,151.5867268195509,False,177.91650331880743,False,0.2519786136055396,199.1186981201172,199.1186981201172,179.39958632354097,False,-0.2925223613595707,0.26617186736921084,179.39958632354097,False,-0.2925223613595707,0.26617186736921084
19,750681,6017,4,pd_d192_k3_eval,4,114.42984188189551,False,131.46328767129543,False,0.09413799403382223,155.34689331054688,155.34689331054688,135.80356476705185,False,0.3831660351781687,0.1181252121455985,135.80356476705185,False,0.3831660351781687,0.1181252121455985
19,750681,6017,4,pd_d192_k3_eval,9,21.605441219597868,False,68.88787205732274,False,0.33636053995287196,57.240211486816406,57.240211486816406,88.10596141184728,False,0.5007291192124357,0.47307531534874403,88.10596141184728,False,0.5007291192124357,0.47307531534874403
19,750681,6017,4,pd_d192_k3_eval,19,15.324879580074091,True,95.41212589282992,False,0.5003621336937717,16.718151092529297,16.718151092529297,136.1066410887099,False,0.27094878831987024,0.754609787228102,136.1066410887099,False,0.27094878831987024,0.754609787228102
19,750681,6017,4,pd_d192_k3_eval,29,37.7443478626175,False,93.56366871444514,False,0.5246283256454245,7.908638954162598,7.908638954162598,91.00917723258299,False,0.11995199946666074,0.500619459744632,91.00917723258299,False,0.11995199946666074,0.500619459744632
20,768392,6137,24,pd_d192_k3_eval,4,19.70203617245201,True,20.762094153412757,True,0.006651349355987197,12.302787780761719,12.302787780761719,75.65749251267036,False,0.44579517550194997,0.35109333185263086,75.65749251267036,False,0.44579517550194997,0.35109333185263086
20,768392,6137,24,pd_d192_k3_eval,9,16.790483169797685,True,62.85912995545972,False,0.3981533869161997,5.217086315155029,5.217086315155029,73.65707420203958,False,0.6951863909598994,0.4914758171041452,73.65707420203958,False,0.6951863909598994,0.4914758171041452
20,768392,6137,24,pd_d192_k3_eval,19,10.70353597687418,True,65.97668903697937,False,0.5479936264421447,2.2222740650177,2.2222740650177,67.21321101831457,False,0.2927632529250325,0.5602528540637435,67.21321101831457,False,0.2927632529250325,0.5602528540637435
20,768392,6137,24,pd_d192_k3_eval,29,13.264723968830047,True,35.454457709993896,False,0.29724648149629396,1.7196364402770996,1.7196364402770996,40.08608728637143,False,0.21752775030833676,0.35929029018870884,40.08608728637143,False,0.21752775030833676,0.35929029018870884
21,806921,6483,104,pd_d192_k3_eval,4,75.47649519765918,False,107.8558350466926,False,0.2848360934819198,256.1792297363281,256.1792297363281,111.53552757973571,False,0.2818942432693696,0.3172057851190357,111.53552757973571,False,0.2818942432693696,0.3172057851190357
21,806921,6483,104,pd_d192_k3_eval,9,83.47257731774516,False,110.09814166355456,False,0.2731593420298069,244.25265502929688,244.25265502929688,113.26749881594775,False,0.2632251469460772,0.30567469093137656,113.26749881594775,False,0.2632251469460772,0.30567469093137656
21,806921,6483,104,pd_d192_k3_eval,19,92.26098272957373,False,111.229359292646,False,0.37197236825495694,230.8125762939453,230.8125762939453,110.14084345298,False,0.1905207835642618,0.35062642895344326,110.14084345298,False,0.1905207835642618,0.35062642895344326
21,806921,6483,104,pd_d192_k3_eval,29,96.79845623473885,False,111.55996237841646,False,0.513077600534586,222.5305633544922,222.5305633544922,111.69495318873406,False,-0.06944254936165956,0.5177695852397943,111.69495318873406,False,-0.06944254936165956,0.5177695852397943
22,818604,6556,34,pd_d192_k3_eval,4,57.193448320434776,False,69.14721003008286,False,0.08693425039903956,84.86488342285156,84.86488342285156,72.79711758080025,False,0.5161541794908833,0.11347836133704751,72.79711758080025,False,0.5161541794908833,0.11347836133704751
22,818604,6556,34,pd_d192_k3_eval,9,40.29329428095342,False,60.448864227021026,False,0.12454443948479037,36.932159423828125,36.932159423828125,54.2301561092637,False,0.5201440016000177,0.08611806310753942,54.2301561092637,False,0.5201440016000177,0.08611806310753942
22,818604,6556,34,pd_d192_k3_eval,19,11.91741353742428,True,28.934226216121026,False,0.12803289047464755,11.646994590759277,11.646994590759277,22.688879887079008,False,0.14526650296114402,0.08104349489156602,22.688879887079008,False,0.14526650296114402,0.08104349489156602
22,818604,6556,34,pd_d192_k3_eval,29,11.303375568199662,True,17.70297324529608,True,0.25463302910739527,5.952878952026367,5.952878952026367,13.63378439918308,True,0.06220602451138344,0.09272443200853912,13.63378439918308,True,0.06220602451138344,0.09272443200853912
23,850663,6863,40,pd_d192_k3_eval,4,3.9369970235796794,True,59.75266981185234,False,0.3337520047377505,7.6337666511535645,7.6337666511535645,54.98270002304084,False,0.3282018689096546,0.3052297832894258,54.98270002304084,False,0.3282018689096546,0.3052297832894258
23,850663,6863,40,pd_d192_k3_eval,9,5.603510710384428,True,59.23100496910951,False,0.36598701146680546,4.844789505004883,4.844789505004883,58.27388865557136,False,0.19193635484838723,0.35945506094291985,58.27388865557136,False,0.19193635484838723,0.35945506094291985
23,850663,6863,40,pd_d192_k3_eval,19,17.9850052653825,True,66.40890651375348,False,0.4145274668463758,2.9464285373687744,2.9464285373687744,70.42687505580768,False,0.08930988122090246,0.4489228434820447,70.42687505580768,False,0.08930988122090246,0.4489228434820447
23,850663,6863,40,pd_d192_k3_eval,29,37.84160991236429,False,64.00361733765405,False,0.49586336320958324,2.3203539848327637,2.3203539848327637,63.0483535619649,False,0.3172297469971889,0.4777577071387262,63.0483535619649,False,0.3172297469971889,0.4777577071387262
24,865402,6963,19,pd_d192_k3_eval,4,14.325508388926357,True,24.00982642148945,False,0.07768515079556777,26.473928451538086,26.473928451538086,23.37230769141858,False,0.4850156112845698,0.0725711367251886,23.37230769141858,False,0.4850156112845698,0.0725711367251886
24,865402,6963,19,pd_d192_k3_eval,9,6.514684963015228,True,16.98337609595539,True,0.06858517233575741,7.025074005126953,7.025074005126953,14.701112858364537,True,0.8404120045778287,0.053633024500083254,14.701112858364537,True,0.8404120045778287,0.053633024500083254
24,865402,6963,19,pd_d192_k3_eval,19,4.892327856265103,True,12.160996584978628,True,0.048467355799733894,4.608878135681152,4.608878135681152,11.513219270786246,True,0.4479578661985133,0.04414798801207644,11.513219270786246,True,0.4479578661985133,0.04414798801207644
24,865402,6963,19,pd_d192_k3_eval,29,1.5376308965870662,True,11.705132076715186,True,0.34398683805980484,3.654113531112671,3.654113531112671,12.494266883668857,True,0.13721263569595218,0.37068484204700547,12.494266883668857,True,0.13721263569595218,0.37068484204700547
25,975584,7930,19,pd_d192_k3_eval,4,190.29652834208738,False,242.06569524925692,False,0.35085257220313926,268.3955993652344,268.3955993652344,190.29652834208738,False,0.3996124401382237,0.0,190.29652834208738,False,0.3996124401382237,0.0
25,975584,7930,19,pd_d192_k3_eval,9,119.30555685918303,False,125.90593031858872,False,0.033112257869478565,186.52191162109375,186.52191162109375,129.10205919480808,False,0.695005055611729,0.04914635717982146,129.10205919480808,False,0.695005055611729,0.04914635717982146
25,975584,7930,19,pd_d192_k3_eval,19,17.65495905804229,True,58.20419044957878,False,0.18784233224931202,44.2031364440918,44.2031364440918,47.616137174592964,False,0.77987488749875,0.1387936930297675,47.616137174592964,False,0.77987488749875,0.1387936930297675
25,975584,7930,19,pd_d192_k3_eval,29,6.493653097624611,True,36.98466329164917,False,0.14791733064885182,19.031606674194336,19.031606674194336,36.93879079284209,False,0.6742848253869487,0.1476947949725801,36.93879079284209,False,0.6742848253869487,0.1476947949725801
26,989447,8042,43,pd_d192_k3_eval,4,85.439859729801,False,179.7807788792763,False,0.4710941624628804,350.1797180175781,350.1797180175781,85.439859729801,False,-0.056208624540272666,0.0,85.439859729801,False,-0.056208624540272666,0.0
26,989447,8042,43,pd_d192_k3_eval,9,140.8908345900057,False,191.68176133127258,False,0.355326247428319,321.5715637207031,321.5715637207031,200.05748496343827,False,-0.09848598317759087,0.4139216430759451,200.05748496343827,False,-0.09848598317759087,0.4139216430759451
26,989447,8042,43,pd_d192_k3_eval,19,165.65091683827043,False,198.3599897262169,False,0.4188577627211628,299.0954895019531,299.0954895019531,198.41360007516715,False,0.0692941032678141,0.41954427287988644,198.41360007516715,False,0.0692941032678141,0.41954427287988644
26,989447,8042,43,pd_d192_k3_eval,29,184.57503021719106,False,202.42785020893865,False,0.3018580376350254,276.00299072265625,276.00299072265625,203.9193085867409,False,0.30540339337103745,0.3270758295214507,203.9193085867409,False,0.30540339337103745,0.3270758295214507
27,1063727,8577,27,pd_d192_k3_eval,4,20.797901260235786,False,48.09914055149858,False,0.17000811129365456,9.883077621459961,9.883077621459961,33.572056503051236,False,0.806900965566284,0.07954620605438968,33.572056503051236,False,0.806900965566284,0.07954620605438968
27,1063727,8577,27,pd_d192_k3_eval,9,17.527040461961214,True,26.028757587047977,False,0.05045076809883562,4.297661781311035,4.297661781311035,23.639954151916168,False,0.8504476716407959,0.03627516493933778,23.639954151916168,False,0.8504476716407959,0.03627516493933778
27,1063727,8577,27,pd_d192_k3_eval,19,13.088456446183457,True,29.15530540797372,False,0.1440755570372291,3.6227188110351562,3.6227188110351562,29.5278111112562,False,0.6604135601506682,0.14741591125525916,29.5278111112562,False,0.6604135601506682,0.14741591125525916
27,1063727,8577,27,pd_d192_k3_eval,29,19.398361618741024,True,29.11669312173115,False,0.25608540247326467,3.4325551986694336,3.4325551986694336,29.293072492891987,False,0.4730177001966687,0.260733132614782,29.293072492891987,False,0.4730177001966687,0.260733132614782
28,1085924,8801,58,pd_d192_k3_eval,4,100.51787964046792,False,172.86369130968006,False,0.33052397404427675,149.69921875,149.69921875,151.26784855252944,False,0.04768897432193688,0.2318597444746969,151.26784855252944,False,0.04768897432193688,0.2318597444746969
28,1085924,8801,58,pd_d192_k3_eval,9,8.293618631886307,True,46.043799655403625,False,0.18167603158067555,47.488948822021484,47.488948822021484,58.72169437911565,False,0.7664102934477051,0.24268950329798236,58.72169437911565,False,0.7664102934477051,0.24268950329798236
28,1085924,8801,58,pd_d192_k3_eval,19,3.760464806964089,True,17.013235396313902,True,0.07636526017284452,12.790218353271484,12.790218353271484,20.848258545484168,False,0.6465947399415549,0.09846347266213477,20.848258545484168,False,0.6465947399415549,0.09846347266213477
28,1085924,8801,58,pd_d192_k3_eval,29,3.6288002900180936,True,14.604232973658988,True,0.08428877283817318,11.215792655944824,11.215792655944824,14.41435913564607,True,0.47500127779197543,0.08283058587994623,14.41435913564607,True,0.47500127779197543,0.08283058587994623
29,1094081,8850,32,pd_d192_k3_eval,4,36.5494352609617,False,57.64338447413095,False,0.11376395352899493,64.87263488769531,64.87263488769531,36.5494352609617,False,0.7041104901165568,0.0,36.5494352609617,False,0.7041104901165568,0.0
29,1094081,8850,32,pd_d192_k3_eval,9,6.92299758034601,True,20.772163124004848,True,0.07911283037776254,17.772119522094727,17.772119522094727,32.91154246077869,False,0.6690896565517395,0.14845857220848513,32.91154246077869,False,0.6690896565517395,0.14845857220848513
29,1094081,8850,32,pd_d192_k3_eval,19,7.514005081554038,True,10.96030204662622,True,0.06792245518454845,10.5521240234375,10.5521240234375,9.735680262984765,True,0.6085005388948767,0.04378660181485304,9.735680262984765,True,0.6085005388948767,0.04378660181485304
29,1094081,8850,32,pd_d192_k3_eval,29,7.495504277207794,True,13.613525778934626,True,0.25064403087938664,9.16594123840332,9.16594123840332,13.429345135552952,True,0.3132941477127524,0.24309849040455964,13.429345135552952,True,0.3132941477127524,0.24309849040455964
30,1110912,8958,17,pd_d192_k3_eval,4,80.26063880650047,False,134.7918371282938,False,0.36047676185775285,174.6491241455078,174.6491241455078,121.98594771643623,False,-0.03875154168379648,0.2758238349102438,121.98594771643623,False,-0.03875154168379648,0.2758238349102438
30,1110912,8958,17,pd_d192_k3_eval,9,45.75832837840194,False,96.34776517094254,False,0.3723062209661128,97.2354736328125,97.2354736328125,80.10208801864596,False,0.1410073445260503,0.25274832407924946,80.10208801864596,False,0.1410073445260503,0.25274832407924946
30,1110912,8958,17,pd_d192_k3_eval,19,10.905464959551242,True,38.53589477679432,False,0.35891026730005615,30.91475486755371,30.91475486755371,42.32706037986273,False,-0.08475694174379718,0.40815627139684757,42.32706037986273,False,-0.08475694174379718,0.40815627139684757
30,1110912,8958,17,pd_d192_k3_eval,29,11.631568534652333,True,27.79064366033146,False,0.4343096975884821,22.78179359436035,22.78179359436035,27.300139670633403,False,0.2546552739474883,0.4211263540013747,27.300139670633403,False,0.2546552739474883,0.4211263540013747
31,1138763,9240,64,pd_d192_k3_eval,4,295.912805934243,False,447.53450621565526,False,0.7785334769520598,178.891845703125,178.891845703125,446.33466714206224,False,-0.7496323292481027,0.7723726511335023,446.33466714206224,False,-0.7496323292481027,0.7723726511335023
31,1138763,9240,64,pd_d192_k3_eval,9,501.8815025423295,False,603.2640002162008,False,0.7219997692661193,128.79071044921875,128.79071044921875,630.8958180325016,False,-0.44693874376381965,0.9187809351035265,630.8958180325016,False,-0.44693874376381965,0.9187809351035265
31,1138763,9240,64,pd_d192_k3_eval,19,669.9230614205608,False,719.2104365016893,False,0.5914555578798583,95.69752502441406,95.69752502441406,735.8973172561701,False,-0.32228935877065296,0.7917005161408849,735.8973172561701,False,-0.32228935877065296,0.7917005161408849
31,1138763,9240,64,pd_d192_k3_eval,29,746.5740138412921,False,772.0331332234927,False,0.5486573514235259,85.42854309082031,85.42854309082031,783.9658504889085,False,-0.5115385726508073,0.8058136556869818,783.9658504889085,False,-0.5115385726508073,0.8058136556869818
32,1207664,9876,74,pd_d192_k3_eval,4,23.287411152249998,False,41.48473844056481,False,0.1589945237489619,173.10008239746094,173.10008239746094,46.64965658704389,False,0.7874718607984534,0.2041216837923564,46.64965658704389,False,0.7874718607984534,0.2041216837923564
32,1207664,9876,74,pd_d192_k3_eval,9,13.153192279597963,True,49.21102123849953,False,0.3308491532366915,102.10819244384766,102.10819244384766,54.8230185877851,False,0.6843578261980688,0.3823421195240953,54.8230185877851,False,0.6843578261980688,0.3823421195240953
32,1207664,9876,74,pd_d192_k3_eval,19,8.879552724741833,True,39.6911769394268,False,0.2839734829408667,28.289825439453125,28.289825439453125,83.93264389629951,False,0.11116256847298304,0.6917223044446884,83.93264389629951,False,0.11116256847298304,0.6917223044446884
32,1207664,9876,74,pd_d192_k3_eval,29,10.104416857296707,True,38.48936552495569,False,0.314377456021414,21.35144805908203,21.35144805908203,38.62341225102952,False,0.061116679074211956,0.31586209033322815,38.62341225102952,False,0.061116679074211956,0.31586209033322815
33,1320555,10683,97,pd_d192_k3_eval,4,145.75589515835003,False,274.92182489980934,False,0.6127860454257917,282.11376953125,282.11376953125,335.3059119445854,False,-0.6089249880554228,0.899258848129105,335.3059119445854,False,-0.6089249880554228,0.899258848129105
33,1320555,10683,97,pd_d192_k3_eval,9,305.3104665043216,False,406.993721588242,False,0.5861914910159526,247.69244384765625,247.69244384765625,414.76160267423614,False,-0.42886298736652634,0.6309723725099162,414.76160267423614,False,-0.42886298736652634,0.6309723725099162
33,1320555,10683,97,pd_d192_k3_eval,19,422.1210528058986,False,480.1185978454788,False,0.5851240173257503,216.91653442382812,216.91653442382812,493.9355042544484,False,0.13999399993333259,0.7245196379423279,493.9355042544484,False,0.13999399993333259,0.7245196379423279
33,1320555,10683,97,pd_d192_k3_eval,29,431.777065715717,False,453.1926640108128,False,0.3901127986358117,208.5694122314453,208.5694122314453,451.2370145817299,False,0.2915836842631585,0.3544881169707302,451.2370145817299,False,0.2915836842631585,0.3544881169707302
34,1338312,10833,60,pd_d192_k3_eval,4,44.112785206321554,False,80.3614177015127,False,0.20080645477188375,81.6546630859375,81.6546630859375,63.34351276391587,False,0.42628118090201006,0.10653241123059687,63.34351276391587,False,0.42628118090201006,0.10653241123059687
34,1338312,10833,60,pd_d192_k3_eval,9,16.297303018832253,True,41.32791481543386,False,0.16728326904347193,38.497833251953125,38.497833251953125,16.297303018832253,True,0.45162679585328724,0.0,16.297303018832253,True,0.45162679585328724,0.0
34,1338312,10833,60,pd_d192_k3_eval,19,8.638367247802524,True,12.561643257903874,True,0.03491464332699172,7.349874973297119,7.349874973297119,11.35161826179748,True,0.7731490349892778,0.02414619597660815,11.35161826179748,True,0.7731490349892778,0.02414619597660815
34,1338312,10833,60,pd_d192_k3_eval,29,7.990430010588325,True,13.138772891812765,True,0.060133162172011916,5.338845252990723,5.338845252990723,12.974747316798457,True,0.6706718963544038,0.05821732697411478,12.974747316798457,True,0.6706718963544038,0.05821732697411478
35,1370443,11060,102,pd_d192_k3_eval,4,22.933114077866254,False,33.443057193427634,False,0.07780948499898135,81.66967010498047,81.66967010498047,50.4454831168762,False,0.5379766441849353,0.2036855235550852,50.4454831168762,False,0.5379766441849353,0.2036855235550852
35,1370443,11060,102,pd_d192_k3_eval,9,4.782279951177979,True,10.996062098149935,True,0.04135753197640102,7.348330974578857,7.348330974578857,14.087400540943662,True,0.7136065956288402,0.06193278316379935,14.087400540943662,True,0.7136065956288402,0.06193278316379935
35,1370443,11060,102,pd_d192_k3_eval,19,5.260445147859997,True,19.324266052163708,True,0.11289136431698574,5.642825126647949,5.642825126647949,12.333379406885163,True,0.6741292681029789,0.05677498338885675,12.333379406885163,True,0.6741292681029789,0.05677498338885675
35,1370443,11060,102,pd_d192_k3_eval,29,4.76005867669973,True,18.535138447755234,True,0.13786635021249946,3.9544787406921387,3.9544787406921387,19.215711557706225,True,0.30942388248758323,0.14467779031166078,19.215711557706225,True,0.30942388248758323,0.14467779031166078
36,1371767,11069,94,pd_d192_k3_eval,4,61.892651991949364,False,101.17638563299352,False,0.26928850291534634,201.525390625,201.525390625,94.29969797338417,False,0.18718696874409715,0.2221490700448964,94.29969797338417,False,0.18718696874409715,0.2221490700448964
36,1371767,11069,94,pd_d192_k3_eval,9,57.21039230785438,False,77.46317894683095,False,0.1767628061676403,148.39590454101562,148.39590454101562,72.26688210310526,False,0.06540161557350638,0.13141042932438038,72.26688210310526,False,0.06540161557350638,0.13141042932438038
36,1371767,11069,94,pd_d192_k3_eval,19,14.36144335621296,True,29.996365019554958,False,0.15531858723027372,28.164134979248047,28.164134979248047,22.00079510517388,False,0.690845453838376,0.07588994345815651,22.00079510517388,False,0.690845453838376,0.07588994345815651
36,1371767,11069,94,pd_d192_k3_eval,29,2.29462760295834,True,16.085563396942426,True,0.13598159765736434,5.657294273376465,5.657294273376465,16.629456619184932,True,0.5089945443838265,0.1413445019896295,16.629456619184932,True,0.5089945443838265,0.1413445019896295
37,1497457,11995,44,pd_d192_k3_eval,4,11.600266525593781,True,36.35118677891051,False,0.13910473627699604,11.181366920471191,11.181366920471191,20.17732858604408,True,0.5895909954555052,0.048204670522926735,20.17732858604408,True,0.5895909954555052,0.048204670522926735
37,1497457,11995,44,pd_d192_k3_eval,9,13.313168043750377,True,24.569087702360953,False,0.12352895936788681,4.936394691467285,4.936394691467285,26.540271550617774,False,0.3893616595739952,0.14516186870654577,26.540271550617774,False,0.3893616595739952,0.14516186870654577
37,1497457,11995,44,pd_d192_k3_eval,19,7.786317507228131,True,19.96059005513303,True,0.2204963359418035,3.1094536781311035,3.1094536781311035,21.46666936130627,False,0.15252125023611374,0.2477739385535606,21.46666936130627,False,0.15252125023611374,0.2477739385535606
37,1497457,11995,44,pd_d192_k3_eval,29,10.86968219973197,True,18.161719997437498,True,0.23691201436534334,2.715582847595215,2.715582847595215,20.124435173023247,True,0.12811120123556927,0.3006789364210354,20.124435173023247,True,0.12811120123556927,0.3006789364210354
38,1582932,12595,49,pd_d192_k3_eval,4,13.51071708949915,True,59.34766054298195,False,0.2735719310882838,42.580665588378906,42.580665588378906,44.99876178676058,False,0.31978710874565275,0.1879323651404918,44.99876178676058,False,0.31978710874565275,0.1879323651404918
38,1582932,12595,49,pd_d192_k3_eval,9,2.351189586015874,True,11.22841661894437,True,0.04145013028573463,10.93192195892334,10.93192195892334,5.447621077910698,True,0.8388097645529395,0.014458060865607011,5.447621077910698,True,0.8388097645529395,0.014458060865607011
38,1582932,12595,49,pd_d192_k3_eval,19,1.0310161139664764,True,16.49525555719297,True,0.1067547870023014,6.179315090179443,6.179315090179443,1.8790970323968765,True,0.6923885820953566,0.005854584581423407,1.8790970323968765,True,0.6923885820953566,0.005854584581423407
38,1582932,12595,49,pd_d192_k3_eval,29,1.3569149697526435,True,3.1327966853591227,True,0.0514142328295767,4.70378303527832,4.70378303527832,4.424139186051941,True,0.5460665118501317,0.08880038496453152,4.424139186051941,True,0.5460665118501317,0.08880038496453152
39,1592283,12683,2,pd_d192_k3_eval,4,41.58031175080346,False,84.63611793644384,False,0.26632280980918654,248.87466430664062,248.87466430664062,57.85355546380566,False,0.04891743241591575,0.10065857254350621,57.85355546380566,False,0.04891743241591575,0.10065857254350621
39,1592283,12683,2,pd_d192_k3_eval,9,39.53193103549945,False,55.2593199858392,False,0.13626773408693768,122.26226806640625,122.26226806640625,49.81665318723255,False,0.24191424349159438,0.08911051845641098,49.81665318723255,False,0.24191424349159438,0.08911051845641098
39,1592283,12683,2,pd_d192_k3_eval,19,6.545818597679195,True,11.736176520138336,True,0.0439340247354703,9.570440292358398,9.570440292358398,15.868597575846279,True,0.4852391693241036,0.07891309392321381,15.868597575846279,True,0.4852391693241036,0.07891309392321381
39,1592283,12683,2,pd_d192_k3_eval,29,6.616782293537228,True,12.319459486556289,True,0.0643837461945969,3.8705978393554688,3.8705978393554688,13.399126376294825,True,0.33275436393737706,0.07657328395919809,13.399126376294825,True,0.33275436393737706,0.07657328395919809
40,1751762,13940,70,pd_d192_k3_eval,4,111.44406268008943,False,193.37172450111638,False,0.5200030304986362,231.92837524414062,231.92837524414062,186.11065422095234,False,-0.2217949088323204,0.47391629414581354,186.11065422095234,False,-0.2217949088323204,0.47391629414581354
40,1751762,13940,70,pd_d192_k3_eval,9,82.32055864436208,False,143.89895820168252,False,0.3502115441918829,83.05914306640625,83.05914306640625,123.94691510586478,False,0.2402644473827487,0.23673935471308602,123.94691510586478,False,0.2402644473827487,0.23673935471308602
40,1751762,13940,70,pd_d192_k3_eval,19,11.274739823463623,True,15.168985507011795,True,0.08316301816060377,3.522237539291382,3.522237539291382,15.018544895604647,True,0.48863342926032505,0.07995030475851925,15.018544895604647,True,0.48863342926032505,0.07995030475851925
40,1751762,13940,70,pd_d192_k3_eval,29,12.148401570509735,True,15.992798243554473,True,0.11825888678653529,2.422300338745117,2.422300338745117,16.254982497734847,True,0.6005644507161191,0.1263240321576483,16.254982497734847,True,0.6005644507161191,0.1263240321576483
41,1756693,13968,73,pd_d192_k3_eval,4,94.78475275168212,False,150.28647437286514,False,0.34129517916662133,290.58660888671875,290.58660888671875,176.19678590892227,False,0.21327881420904676,0.5006247307491529,176.19678590892227,False,0.21327881420904676,0.5006247307491529
41,1756693,13968,73,pd_d192_k3_eval,9,125.26028639639104,False,177.38414982246616,False,0.38135062202046727,197.85842895507812,197.85842895507812,191.4061232928008,False,0.04416271291903243,0.4839387256910714,191.4061232928008,False,0.04416271291903243,0.4839387256910714
41,1756693,13968,73,pd_d192_k3_eval,19,20.193363997921598,True,42.099395298744454,False,0.25051990692252607,69.71238708496094,69.71238708496094,33.214365754779344,False,0.16086800964455159,0.14890968169316549,33.214365754779344,False,0.16086800964455159,0.14890968169316549
41,1756693,13968,73,pd_d192_k3_eval,29,3.5241675583090895,True,8.813020055958786,True,0.21594751694132808,47.49302673339844,47.49302673339844,11.563586289028747,True,0.389397215524617,0.32825504460977356,11.563586289028747,True,0.389397215524617,0.32825504460977356
42,1789810,14200,119,pd_d192_k3_eval,4,15.027392827785674,True,23.524449143608624,False,0.06405270263412619,114.48312377929688,114.48312377929688,19.51413253835149,True,0.7755130612562361,0.033822043045946756,19.51413253835149,True,0.7755130612562361,0.033822043045946756
42,1789810,14200,119,pd_d192_k3_eval,9,16.494501967670303,True,31.310581916724225,False,0.15773900878927993,101.12896728515625,101.12896728515625,20.31251512208928,True,0.731307236747075,0.04064837747861492,20.31251512208928,True,0.731307236747075,0.04064837747861492
42,1789810,14200,119,pd_d192_k3_eval,19,15.590736505551439,True,42.03844130689956,False,0.4212069700903586,89.4927978515625,89.4927978515625,48.89533630933558,False,0.4291989910999012,0.5304100933820471,48.89533630933558,False,0.4291989910999012,0.5304100933820471
42,1789810,14200,119,pd_d192_k3_eval,29,20.007466958489733,True,47.08149844862208,False,0.6054908427897355,76.24687957763672,76.24687957763672,46.263334415594805,False,0.26278380870898566,0.5871932046977326,46.263334415594805,False,0.26278380870898566,0.5871932046977326
43,1791388,14209,50,pd_d192_k3_eval,4,1.656012995051028,True,19.240540526939665,True,0.11137102708994241,2.5192928314208984,2.5192928314208984,9.574311003629347,True,0.7900536672629694,0.05015028014943188,9.574311003629347,True,0.7900536672629694,0.05015028014943188
43,1791388,14209,50,pd_d192_k3_eval,9,1.989989042314647,True,10.886594613564549,True,0.09434874462335215,1.9606181383132935,1.9606181383132935,15.681897711993644,True,0.7503727819197993,0.14520306471227715,15.681897711993644,True,0.7503727819197993,0.14520306471227715
43,1791388,14209,50,pd_d192_k3_eval,19,7.158362867917705,True,16.737814325760823,True,0.18876310718813505,1.6865949630737305,1.6865949630737305,16.269937548585013,True,0.6686229846998301,0.1795435945020963,16.269937548585013,True,0.6686229846998301,0.1795435945020963
43,1791388,14209,50,pd_d192_k3_eval,29,7.510573917050719,True,14.831138740339993,True,0.2317429719294771,1.4902255535125732,1.4902255535125732,18.055848906806087,True,0.39842576028622545,0.3338257941743696,18.055848906806087,True,0.39842576028622545,0.3338257941743696
44,1817969,14447,33,pd_d192_k3_eval,4,32.49710618887121,False,50.92226332640143,False,0.15404147206528887,89.91986083984375,89.91986083984375,38.9367935138323,False,0.5512425693618818,0.053838287932786534,38.9367935138323,False,0.5512425693618818,0.053838287932786534
44,1817969,14447,33,pd_d192_k3_eval,9,10.896324719952824,True,25.075143902210435,False,0.11145716412104585,29.098039627075195,29.098039627075195,10.896324719952824,True,0.6760786230958122,0.0,10.896324719952824,True,0.6760786230958122,0.0
44,1817969,14447,33,pd_d192_k3_eval,19,5.090703923723905,True,9.715739592245233,True,0.0405885469791028,7.949176788330078,7.949176788330078,12.282762454693662,True,0.7886607628973655,0.06311631444218709,12.282762454693662,True,0.7886607628973655,0.06311631444218709
44,1817969,14447,33,pd_d192_k3_eval,29,3.1887089236835613,True,12.612460713418969,True,0.10573463984972771,4.737262725830078,4.737262725830078,14.830182868148965,True,0.3520785786508739,0.13061751649473347,14.830182868148965,True,0.3520785786508739,0.13061751649473347
45,1836411,14547,67,pd_d192_k3_eval,4,229.1632988152752,False,323.0713624439529,False,0.5503235236567771,187.34490966796875,187.34490966796875,346.035066052035,False,-0.2024342492694363,0.6848962727635997,346.035066052035,False,-0.2024342492694363,0.6848962727635997
45,1836411,14547,67,pd_d192_k3_eval,9,340.1735166346959,False,416.725829828119,False,0.6435645017222826,162.43231201171875,162.43231201171875,435.0358296202325,False,-0.2985677618640207,0.7974940879252898,435.0358296202325,False,-0.2985677618640207,0.7974940879252898
45,1836411,14547,67,pd_d192_k3_eval,19,470.1342947741281,False,503.0749636968132,False,0.48904266581707073,142.90408325195312,142.90408325195312,495.7057625605167,False,-0.18236335959288438,0.3796382764558462,495.7057625605167,False,-0.18236335959288438,0.3796382764558462
45,1836411,14547,67,pd_d192_k3_eval,29,515.9999912632204,False,531.3262213378814,False,0.5204647878358936,138.35958862304688,138.35958862304688,533.3231801346576,False,-0.21112234580384226,0.5882796863085132,533.3231801346576,False,-0.21112234580384226,0.5882796863085132
46,1856976,14700,96,pd_d192_k3_eval,4,107.17121137492077,False,159.00302264892838,False,0.30193065878874925,310.74468994140625,310.74468994140625,171.4537203181218,False,-0.26483938710430116,0.37445846087087115,171.4537203181218,False,-0.26483938710430116,0.37445846087087115
46,1856976,14700,96,pd_d192_k3_eval,9,124.22272226964769,False,178.60309924870649,False,0.2832828175652994,295.1763916015625,295.1763916015625,179.13755458287397,False,-0.06592295469949665,0.28606694708658004,179.13755458287397,False,-0.06592295469949665,0.28606694708658004
46,1856976,14700,96,pd_d192_k3_eval,19,167.44363287163094,False,243.46376409349932,False,0.4678319655929486,265.23687744140625,265.23687744140625,236.99567101039668,False,-0.26720519116879077,0.4280269737826267,236.99567101039668,False,-0.26720519116879077,0.4280269737826267
46,1856976,14700,96,pd_d192_k3_eval,29,223.14998236951655,False,309.61122405891086,False,0.7427289965862831,253.64627075195312,253.64627075195312,317.9511282788703,False,-0.6568921876909743,0.8143713715034596,317.9511282788703,False,-0.6568921876909743,0.8143713715034596
47,1872550,14853,0,pd_d192_k3_eval,4,18.292907838816067,True,201.8540074079582,False,0.6430721925467978,223.52261352539062,223.52261352539062,18.292907838816067,True,0.035135945954955033,0.0,18.292907838816067,True,0.035135945954955033,0.0
47,1872550,14853,0,pd_d192_k3_eval,9,9.219317813885167,True,198.6792608648182,False,0.8486883664424917,64.46839904785156,64.46839904785156,15.03658951072625,True,0.13483927599195547,0.026058546909923642,15.03658951072625,True,0.13483927599195547,0.026058546909923642
47,1872550,14853,0,pd_d192_k3_eval,19,6.54552336102718,True,199.5678753789211,False,0.8105335894615708,24.707735061645508,24.707735061645508,13.325618946846305,True,0.1867816309070101,0.0284707711548198,13.325618946846305,True,0.1867816309070101,0.0284707711548198
47,1872550,14853,0,pd_d192_k3_eval,29,5.582294777386708,True,20.879767677516544,True,0.07752652412036484,13.105143547058105,13.105143547058105,17.507878581246,True,0.19560084000933345,0.06043802570890535,17.507878581246,True,0.19560084000933345,0.06043802570890535
48,1917206,15248,82,pd_d192_k3_eval,4,2.784298038467419,True,17.430145369873543,True,0.1428242797036334,1.559190034866333,1.559190034866333,19.280237964131477,True,0.08446449404993389,0.16086612707379486,19.280237964131477,True,0.08446449404993389,0.16086612707379486
48,1917206,15248,82,pd_d192_k3_eval,9,7.565696039142767,True,19.384615905387232,True,0.14898190386034274,1.4913603067398071,1.4913603067398071,15.544364559687844,True,0.09789086545406059,0.10057409982584978,15.544364559687844,True,0.09789086545406059,0.10057409982584978
48,1917206,15248,82,pd_d192_k3_eval,19,8.930948904138239,True,18.83385377192624,True,0.26860204106774477,1.3237922191619873,1.3237922191619873,19.37326513744448,True,-0.05871354126156956,0.2832327979706637,19.37326513744448,True,-0.05871354126156956,0.2832327979706637
48,1917206,15248,82,pd_d192_k3_eval,29,11.91820081980935,True,18.105388064811915,True,0.7662740004860166,1.1651023626327515,1.1651023626327515,18.774433009103355,True,-0.044731163679596446,0.8491342285130952,18.774433009103355,True,-0.044731163679596446,0.8491342285130952
49,1958883,15683,106,pd_d192_k3_eval,4,108.30242456342143,False,129.81252620380212,False,0.17041013487198428,306.05133056640625,306.05133056640625,156.2505935470939,False,0.41324814720163555,0.37986124286987366,156.2505935470939,False,0.41324814720163555,0.37986124286987366
49,1958883,15683,106,pd_d192_k3_eval,9,104.63297677413931,False,145.54756622636395,False,0.41321654341554714,286.19189453125,286.19189453125,149.5554022143362,False,0.3160004000044445,0.4536936484213332,149.5554022143362,False,0.3160004000044445,0.4536936484213332
49,1958883,15683,106,pd_d192_k3_eval,19,148.00752423750987,False,178.67247290356397,False,0.4755954482899541,245.35232543945312,245.35232543945312,187.38229578695595,False,0.00795342170468564,0.6106797154727804,187.38229578695595,False,0.00795342170468564,0.6106797154727804
49,1958883,15683,106,pd_d192_k3_eval,29,213.29893149472053,False,235.9223149677199,False,0.574127794771949,207.79457092285156,207.79457092285156,245.2682210014082,False,-0.33783575373059704,0.8113047151769468,245.2682210014082,False,-0.33783575373059704,0.8113047151769468
50,1996212,15966,38,pd_d192_k3_eval,4,22.287229580988257,True,64.74997982281084,False,0.2401315034229115,68.77731323242188,68.77731323242188,61.413471121426426,False,0.2725581395348837,0.22126318127975592,61.413471121426426,False,0.2725581395348837,0.22126318127975592
50,1996212,15966,38,pd_d192_k3_eval,9,8.220011317245804,True,42.41965838396999,False,0.27568344945044365,11.171310424804688,11.171310424804688,25.682914526351333,False,0.20140223780264227,0.14076851099406873,25.682914526351333,False,0.20140223780264227,0.14076851099406873
50,1996212,15966,38,pd_d192_k3_eval,19,5.545185966162644,True,8.77699872479299,True,0.057527964863682,2.3559229373931885,2.3559229373931885,10.262929783083997,True,0.29527350303892264,0.08397831830168459,10.262929783083997,True,0.29527350303892264,0.08397831830168459
50,1996212,15966,38,pd_d192_k3_eval,29,6.818106560560666,True,20.266221148948055,True,0.36108824658080013,1.1370822191238403,1.1370822191238403,9.531027333002342,True,0.2968877431971466,0.0728432077519249,9.531027333002342,True,0.2968877431971466,0.0728432077519249
51,2027653,16134,150,pd_d192_k3_eval,4,8.268117287481195,True,19.554012266073023,True,0.11925575084339336,5.1079277992248535,5.1079277992248535,18.25141965123037,True,0.5335117056856188,0.1054915203042304,18.25141965123037,True,0.5335117056856188,0.1054915203042304
51,2027653,16134,150,pd_d192_k3_eval,9,5.055425679816515,True,19.7393178854198,True,0.13414412795983302,3.412990093231201,3.412990093231201,15.062400025418444,True,0.44860942899365547,0.09141832617069666,15.062400025418444,True,0.44860942899365547,0.09141832617069666
51,2027653,16134,150,pd_d192_k3_eval,19,5.209847263724476,True,18.773338347187458,True,0.2152055666726075,1.7083085775375366,1.7083085775375366,17.835098710150568,True,0.49600462227358083,0.2003189573534621,17.835098710150568,True,0.49600462227358083,0.2003189573534621
51,2027653,16134,150,pd_d192_k3_eval,29,5.779724340056648,True,12.963237174996854,True,0.1839651875242593,1.1565048694610596,1.1565048694610596,15.002018087698207,True,0.4352075023055812,0.23617706791538093,15.002018087698207,True,0.4352075023055812,0.23617706791538093
52,2056217,16265,51,pd_d192_k3_eval,4,63.707550077112934,False,110.23165556572937,False,0.29379064009036937,282.71917724609375,282.71917724609375,99.97302918467416,False,-0.003112034578161958,0.2290094179844312,99.97302918467416,False,-0.003112034578161958,0.2290094179844312
52,2056217,16265,51,pd_d192_k3_eval,9,44.23039998124153,False,75.51099481011248,False,0.23187405185857793,114.97357177734375,114.97357177734375,44.65363561754246,False,-0.036138623762486256,0.003137324031621758,44.65363561754246,False,-0.036138623762486256,0.003137324031621758
52,2056217,16265,51,pd_d192_k3_eval,19,5.393354216438875,True,80.67249578133283,False,0.6008299186677165,11.842543601989746,11.842543601989746,86.65550304891805,False,0.3663218480205336,0.648582452706282,86.65550304891805,False,0.3663218480205336,0.648582452706282
52,2056217,16265,51,pd_d192_k3_eval,29,4.342655886958374,True,84.30451445403551,False,0.7093917642212619,4.236207008361816,4.236207008361816,20.827495819134274,False,0.4533032589250991,0.14624734707212333,20.827495819134274,False,0.4533032589250991,0.14624734707212333
53,2131015,16989,23,pd_d192_k3_eval,4,47.939146493590926,False,56.52078558483009,False,0.0685559394219512,285.0231018066406,285.0231018066406,54.10511505069671,False,0.3904581162012911,0.049257928745819766,54.10511505069671,False,0.3904581162012911,0.049257928745819766
53,2131015,16989,23,pd_d192_k3_eval,9,36.208616299875175,False,60.465741696395575,False,0.13165729261064787,212.32069396972656,212.32069396972656,38.46046632404002,False,0.2697643307147857,0.012222077954434514,38.46046632404002,False,0.2697643307147857,0.012222077954434514
53,2131015,16989,23,pd_d192_k3_eval,19,12.932951548675241,True,71.88005431626496,False,0.4630028494881734,59.35307693481445,59.35307693481445,85.63207418217858,False,0.1262400693341037,0.5710187499343748,85.63207418217858,False,0.1262400693341037,0.5710187499343748
53,2131015,16989,23,pd_d192_k3_eval,29,5.15680437743268,True,12.331134743308754,True,0.053892274036396404,7.044194221496582,7.044194221496582,110.67693641313761,False,0.33160635118167986,0.7926481750928573,110.67693641313761,False,0.33160635118167986,0.7926481750928573
54,2162795,17252,52,pd_d192_k3_eval,4,1.3280124576942702,True,18.74032525264777,True,0.13354554761429183,1.9231724739074707,1.9231724739074707,15.431260622125198,True,0.5294761052900587,0.10816633157457667,15.431260622125198,True,0.5294761052900587,0.10816633157457667
54,2162795,17252,52,pd_d192_k3_eval,9,6.965496974355319,True,19.054426778889844,True,0.1416184370272364,1.6047914028167725,1.6047914028167725,16.62239663470692,True,0.4464987388748764,0.11312788299216217,16.62239663470692,True,0.4464987388748764,0.11312788299216217
54,2162795,17252,52,pd_d192_k3_eval,19,5.408205545068385,True,16.670000830463454,True,0.21353008457060693,1.1315293312072754,1.1315293312072754,19.44370793588941,True,0.24288225424726942,0.26612115888748666,19.44370793588941,True,0.24288225424726942,0.26612115888748666
54,2162795,17252,52,pd_d192_k3_eval,29,10.630666478689413,True,18.454438633687957,True,0.2499164241862505,1.069707989692688,1.069707989692688,16.56905846573359,True,-0.04363381815353506,0.18969132298544547,16.56905846573359,True,-0.04363381815353506,0.18969132298544547
55,2227454,17719,45,pd_d192_k3_eval,4,6.206982498870232,True,18.75331239907277,True,0.10986003150360041,3.3561813831329346,3.3561813831329346,18.388740108590344,True,0.7040007111190123,0.10666770963447018,18.388740108590344,True,0.7040007111190123,0.10666770963447018
55,2227454,17719,45,pd_d192_k3_eval,9,3.5519197822901707,True,15.49410640181715,True,0.1445064287354457,1.7557790279388428,1.7557790279388428,13.206206844632723,True,0.6177304192268803,0.11682170023074036,13.206206844632723,True,0.6177304192268803,0.11682170023074036
55,2227454,17719,45,pd_d192_k3_eval,19,4.212107105715762,True,18.029406697910858,True,0.3457983557382779,1.623248815536499,1.623248815536499,16.215296566064954,True,0.3799633329259214,0.30039756692750236,16.215296566064954,True,0.3799633329259214,0.30039756692750236
55,2227454,17719,45,pd_d192_k3_eval,29,5.742209941313373,True,18.862374466672556,True,0.5558579348173716,1.4645251035690308,1.4645251035690308,18.41607083836817,True,-0.09451705018944655,0.5369495276360993,18.41607083836817,True,-0.09451705018944655,0.5369495276360993
56,2237502,17787,47,pd_d192_k3_eval,4,33.37750729915167,False,67.9262420603904,False,0.1622554459303569,56.73337936401367,56.73337936401367,33.37750729915167,False,0.4628038089312103,0.0,33.37750729915167,False,0.4628038089312103,0.0
56,2237502,17787,47,pd_d192_k3_eval,9,9.042913387557073,True,25.719306074333815,False,0.11367351620301569,10.056983947753906,10.056983947753906,37.594868210134024,False,0.7903390037667085,0.1946224918129636,37.594868210134024,False,0.7903390037667085,0.1946224918129636
56,2237502,17787,47,pd_d192_k3_eval,19,9.970946614841514,True,19.999299656980945,True,0.10320644591504238,5.187015056610107,5.187015056610107,18.940835673800752,True,0.4961846242736031,0.09231330071222832,18.940835673800752,True,0.4961846242736031,0.09231330071222832
56,2237502,17787,47,pd_d192_k3_eval,29,10.559303070009443,True,19.182756084764737,True,0.2914417573915388,3.8851542472839355,3.8851542472839355,20.04783915345073,True,0.003053811709019013,0.3206784598349933,20.04783915345073,True,0.003053811709019013,0.3206784598349933
57,2278535,18089,35,pd_d192_k3_eval,4,29.852543117924107,False,130.65765999870538,False,0.554166640399092,321.68609619140625,321.68609619140625,30.8571684384011,False,-0.30433271480794233,0.00552283312529682,30.8571684384011,False,-0.30433271480794233,0.00552283312529682
57,2278535,18089,35,pd_d192_k3_eval,9,33.07628506474712,False,151.66928849871854,False,0.556262623638183,299.70721435546875,299.70721435546875,63.383540487042126,False,-0.5438011533461482,0.14215672871346727,63.383540487042126,False,-0.5438011533461482,0.14215672871346727
57,2278535,18089,35,pd_d192_k3_eval,19,129.10152825823218,False,166.9184308428479,False,0.4202323091028754,255.29055786132812,255.29055786132812,166.8393686336327,False,0.032805253391704384,0.4193537470718645,166.8393686336327,False,0.032805253391704384,0.4193537470718645
57,2278535,18089,35,pd_d192_k3_eval,29,124.57412490201092,False,154.67720625478697,False,0.7331651343845758,228.87612915039062,228.87612915039062,145.19300725814685,False,-0.17278947543861597,0.5021760223261029,145.19300725814685,False,-0.17278947543861597,0.5021760223261029
58,2315577,18491,19,pd_d192_k3_eval,4,13.328561409423601,True,17.96730240895434,True,0.02691632502590047,79.43832397460938,79.43832397460938,80.510006700167,False,0.4554219491327681,0.3898207762274997,80.510006700167,False,0.4554219491327681,0.3898207762274997
58,2315577,18491,19,pd_d192_k3_eval,9,13.652369069881749,True,72.95865086644145,False,0.5784185062489998,26.182693481445312,26.182693481445312,73.7302570212365,False,0.3974430827009189,0.5859440375409477,73.7302570212365,False,0.3974430827009189,0.5859440375409477
58,2315577,18491,19,pd_d192_k3_eval,19,12.09033047971669,True,21.357226838454675,False,0.10890690400047934,8.92820930480957,8.92820930480957,18.925379574692002,True,0.5047398304425603,0.08032722141357947,18.925379574692002,True,0.5047398304425603,0.08032722141357947
58,2315577,18491,19,pd_d192_k3_eval,29,15.130153155877744,True,19.84431385045581,True,0.0722495102181486,8.351751327514648,8.351751327514648,20.826859265278994,False,0.447324081378682,0.08730806031588058,20.826859265278994,False,0.447324081378682,0.08730806031588058
59,2329977,18625,21,pd_d192_k3_eval,4,193.29218790446754,False,270.8647258675698,False,0.6192582094901937,273.5432434082031,273.5432434082031,262.63013316293,False,-0.03556083956488403,0.5535218127181586,262.63013316293,False,-0.03556083956488403,0.5535218127181586
59,2329977,18625,21,pd_d192_k3_eval,9,208.06663327770576,False,279.28491532961647,False,0.6017090810438738,257.4983215332031,257.4983215332031,276.4738506864679,False,-0.19498305536728186,0.5779589557326378,276.4738506864679,False,-0.19498305536728186,0.5779589557326378
59,2329977,18625,21,pd_d192_k3_eval,19,237.61416024126873,False,305.8580101119493,False,0.5460237351247657,209.0769805908203,209.0769805908203,312.18030440973473,False,0.2245024944721608,0.5966088465095492,312.18030440973473,False,0.2245024944721608,0.5966088465095492
59,2329977,18625,21,pd_d192_k3_eval,29,269.4062898241558,False,325.8203466720749,False,0.6340699674743345,202.31236267089844,202.31236267089844,325.04781984677027,False,0.12389693218813543,0.625387095042124,325.04781984677027,False,0.12389693218813543,0.625387095042124
