state_index,split,dataset_row,episode,start,generator,scorer,is_self_scorer,step,elite_count,elite_overlap,update_cosine,relative_update_error,learned_update_norm,oracle_update_norm,learned_elite_success_fraction,oracle_elite_success_fraction
0,dev,30633,278,9,pd_d192_k3_eval,pd_d192_k3_eval,True,4,30,0.5333333333333333,0.6241859227237033,0.811231272157135,1.2414699493557118,1.4733818199308988,0.43333333333333335,0.7333333333333333
0,dev,30633,278,9,pd_d192_k3_eval,pd_d192_k3_eval,True,9,30,0.6,0.4465472275729181,1.0140286063804402,0.8335150442550726,0.902382248998132,0.8333333333333334,1.0
0,dev,30633,278,9,pd_d192_k3_eval,pd_d192_k3_eval,True,19,30,0.2,0.29594139533393277,1.2382946813695652,0.6840980461403022,0.6311168049647965,1.0,1.0
0,dev,30633,278,9,pd_d192_k3_eval,pd_d192_k3_eval,True,29,30,0.16666666666666666,0.32150752390836723,1.0331499607337977,0.3609317118193648,0.49123340107175495,0.9333333333333333,1.0
1,test,43081,380,39,pd_d192_k3_eval,pd_d192_k3_eval,True,4,30,0.4666666666666667,0.6324256694187409,0.828136410249089,1.4788217877579264,1.598217450441024,0.0,0.0
1,test,43081,380,39,pd_d192_k3_eval,pd_d192_k3_eval,True,9,30,0.5,0.6584652589983708,0.7728542499477886,1.0262337782357145,1.230211657504128,0.1,0.13333333333333333
1,test,43081,380,39,pd_d192_k3_eval,pd_d192_k3_eval,True,19,30,0.2,0.4030707174293311,1.0251074010159689,0.6442978133780067,0.7449158654255497,0.6666666666666666,1.0
1,test,43081,380,39,pd_d192_k3_eval,pd_d192_k3_eval,True,29,30,0.1,-0.07184779896605221,1.21142141542466,0.24648974698355405,0.40034918720409896,0.6,1.0
2,dev,68887,624,90,pd_d192_k3_eval,pd_d192_k3_eval,True,4,30,0.0,0.08275996054688695,1.077997646353133,1.3998430288066106,2.8350180801607525,0.0,0.0
2,dev,68887,624,90,pd_d192_k3_eval,pd_d192_k3_eval,True,9,30,0.0,0.14958882574271257,1.0405645680803977,0.9964890850419345,2.102921208108896,0.0,0.0
2,dev,68887,624,90,pd_d192_k3_eval,pd_d192_k3_eval,True,19,30,0.0,0.029005682168439868,1.1109554924811953,0.6646393061276261,1.2934775023881344,0.0,0.0
2,dev,68887,624,90,pd_d192_k3_eval,pd_d192_k3_eval,True,29,30,0.03333333333333333,0.5662274893581118,0.8267291332137348,0.42678954700514166,0.6772106996530274,0.0,0.0
3,test,143460,1172,0,pd_d192_k3_eval,pd_d192_k3_eval,True,4,30,0.0,-0.33200286154536524,1.3285528994503548,0.9994693542736732,1.6559556828209216,0.0,0.0
3,test,143460,1172,0,pd_d192_k3_eval,pd_d192_k3_eval,True,9,30,0.0,-0.4544780772571247,1.9410110220626875,1.2429615736743902,0.9786541627408686,0.0,0.0
3,test,143460,1172,0,pd_d192_k3_eval,pd_d192_k3_eval,True,19,30,0.1,0.3161896109140718,1.1270031587272307,0.49771281809851337,0.5383251947875484,0.0,0.0
3,test,143460,1172,0,pd_d192_k3_eval,pd_d192_k3_eval,True,29,30,0.06666666666666667,0.035532410497099993,1.3176505573796544,0.2358441762920311,0.26372209353845,0.0,0.0
4,dev,161350,1326,6,pd_d192_k3_eval,pd_d192_k3_eval,True,4,30,0.2,-0.07230897272958495,1.4943806040041039,1.2775478095189163,1.2277902173285584,0.0,0.0
4,dev,161350,1326,6,pd_d192_k3_eval,pd_d192_k3_eval,True,9,30,0.1,0.1093490348687811,1.178573630375566,0.9759901727848441,1.3143071154177481,0.0,0.0
4,dev,161350,1326,6,pd_d192_k3_eval,pd_d192_k3_eval,True,19,30,0.06666666666666667,0.06179305297540787,1.3334457197029768,0.6356911657807326,0.6719482768678917,0.0,0.0
4,dev,161350,1326,6,pd_d192_k3_eval,pd_d192_k3_eval,True,29,30,0.03333333333333333,-0.34880629118482226,1.4305563858718935,0.3669426088226281,0.5012829132937883,0.0,0.0
5,test,164138,1343,91,pd_d192_k3_eval,pd_d192_k3_eval,True,4,30,0.26666666666666666,0.4121574673033618,1.046386038515128,1.2527100415796912,1.3517350850984517,0.7666666666666667,1.0
5,test,164138,1343,91,pd_d192_k3_eval,pd_d192_k3_eval,True,9,30,0.43333333333333335,0.27468837771829374,1.1765905251594573,0.7817772512113847,0.8205155073865434,0.9666666666666667,1.0
5,test,164138,1343,91,pd_d192_k3_eval,pd_d192_k3_eval,True,19,30,0.1,0.058699292749849634,1.203439875392227,0.3446988292709621,0.4716762614523718,1.0,1.0
5,test,164138,1343,91,pd_d192_k3_eval,pd_d192_k3_eval,True,29,30,0.06666666666666667,0.11186373095000837,1.0737963549347582,0.20535030513920968,0.39586007011266916,1.0,1.0
6,dev,283976,2392,36,pd_d192_k3_eval,pd_d192_k3_eval,True,4,30,0.23333333333333334,0.15493937357373774,1.093841852838647,0.9835150388103229,1.5748597306321233,0.6,1.0
6,dev,283976,2392,36,pd_d192_k3_eval,pd_d192_k3_eval,True,9,30,0.2,0.1967726870218119,1.1745634827472553,0.8686238198529482,1.0297260786111344,0.9,1.0
6,dev,283976,2392,36,pd_d192_k3_eval,pd_d192_k3_eval,True,19,30,0.2,0.3146291364628305,1.0760472084411834,0.3306260481882333,0.4024899542651556,1.0,1.0
6,dev,283976,2392,36,pd_d192_k3_eval,pd_d192_k3_eval,True,29,30,0.23333333333333334,0.5344641990932271,0.8798294850917991,0.2384949405707841,0.30619211092745596,1.0,1.0
7,test,326635,2812,54,pd_d192_k3_eval,pd_d192_k3_eval,True,4,30,0.5333333333333333,0.6822411524065869,0.8411691365687517,1.697414761702219,1.5456390567549991,0.43333333333333335,0.8333333333333334
7,test,326635,2812,54,pd_d192_k3_eval,pd_d192_k3_eval,True,9,30,0.16666666666666666,0.1033393392256869,1.2530182140821933,0.8283180366338093,0.957152515349422,0.5333333333333333,1.0
7,test,326635,2812,54,pd_d192_k3_eval,pd_d192_k3_eval,True,19,30,0.16666666666666666,0.062492608117483556,1.2140685420090518,0.4698388034455219,0.6233165387859237,0.9333333333333333,1.0
7,test,326635,2812,54,pd_d192_k3_eval,pd_d192_k3_eval,True,29,30,0.16666666666666666,0.3065414604849805,1.0286516735554467,0.28411647333996926,0.40790205382126676,1.0,1.0
8,dev,377817,3108,5,pd_d192_k3_eval,pd_d192_k3_eval,True,4,30,0.0,-0.047707767397717545,1.206645839734095,1.459331266065741,2.319164109183421,0.0,0.0
8,dev,377817,3108,5,pd_d192_k3_eval,pd_d192_k3_eval,True,9,30,0.03333333333333333,-0.06398795876011919,1.3620053399440148,1.0735508679193289,1.244095008136977,0.0,0.0
8,dev,377817,3108,5,pd_d192_k3_eval,pd_d192_k3_eval,True,19,30,0.2,0.3449483263926462,1.2758963203860902,1.0094187818108906,0.8347943773124146,0.0,0.0
8,dev,377817,3108,5,pd_d192_k3_eval,pd_d192_k3_eval,True,29,30,0.2,0.3373650064649146,1.1212556792026118,0.5098987064441601,0.5387277120495646,0.0,0.0
9,test,459527,3743,64,pd_d192_k3_eval,pd_d192_k3_eval,True,4,30,0.2,0.2142757141526271,1.1677674831588978,1.2538241191905284,1.467711019691412,0.0,0.03333333333333333
9,test,459527,3743,64,pd_d192_k3_eval,pd_d192_k3_eval,True,9,30,0.2,0.13042762478705128,1.2288270625979625,1.0093337302187873,1.1785855796474936,0.0,0.0
9,test,459527,3743,64,pd_d192_k3_eval,pd_d192_k3_eval,True,19,30,0.03333333333333333,0.09247665990118309,1.1948925224882827,0.5391462444387037,0.7159768030937065,0.03333333333333333,0.7333333333333333
9,test,459527,3743,64,pd_d192_k3_eval,pd_d192_k3_eval,True,29,30,0.0,0.3471329618572078,1.014421650449678,0.46547128261216986,0.6342838778698936,0.0,0.6666666666666666
10,dev,471804,3833,11,pd_d192_k3_eval,pd_d192_k3_eval,True,4,30,0.5,0.5970750757691446,0.9255707813117503,2.224434319140462,2.100922783971673,0.0,0.0
10,dev,471804,3833,11,pd_d192_k3_eval,pd_d192_k3_eval,True,9,30,0.36666666666666664,0.41885589622976904,0.9731888064416182,1.4048911020126749,1.8271242816256472,0.0,0.0
10,dev,471804,3833,11,pd_d192_k3_eval,pd_d192_k3_eval,True,19,30,0.0,-0.1098147174415669,1.3846109737629417,0.8224783739959891,0.9629326705514987,0.0,1.0
10,dev,471804,3833,11,pd_d192_k3_eval,pd_d192_k3_eval,True,29,30,0.0,-0.15378145358179804,1.1637496239972145,0.2631038783974469,0.5707185219912515,0.0,0.43333333333333335
11,test,496196,3986,69,pd_d192_k3_eval,pd_d192_k3_eval,True,4,30,0.26666666666666666,0.4635063605485031,1.00836665651849,1.678157359146539,1.776207924769244,0.0,0.0
11,test,496196,3986,69,pd_d192_k3_eval,pd_d192_k3_eval,True,9,30,0.2,0.2874690279971655,1.0370834792698742,0.9416607222246912,1.3743094875808446,0.0,0.0
11,test,496196,3986,69,pd_d192_k3_eval,pd_d192_k3_eval,True,19,30,0.1,0.06319552417843709,1.2010321347373893,0.46216667075782286,0.6319095727465456,0.0,0.06666666666666667
11,test,496196,3986,69,pd_d192_k3_eval,pd_d192_k3_eval,True,29,30,0.0,-0.22196369542897249,1.470005356726152,0.3077826937776499,0.3505019523481875,0.0,0.0
12,dev,502306,4030,19,pd_d192_k3_eval,pd_d192_k3_eval,True,4,30,0.26666666666666666,0.3118113599110531,1.137604530225593,1.3409792246130117,1.4305191538251094,0.36666666666666664,1.0
12,dev,502306,4030,19,pd_d192_k3_eval,pd_d192_k3_eval,True,9,30,0.4,0.1555970837802358,1.1531488386691764,0.9510527470037744,1.26714999714245,0.5333333333333333,1.0
12,dev,502306,4030,19,pd_d192_k3_eval,pd_d192_k3_eval,True,19,30,0.16666666666666666,0.13759674527013352,1.1898457830190605,0.5061146202331857,0.6351133284136108,0.8666666666666667,1.0
12,dev,502306,4030,19,pd_d192_k3_eval,pd_d192_k3_eval,True,29,30,0.0,-0.23081344427676842,1.2246916665761365,0.2939119043834816,0.5730132268386607,0.9333333333333333,1.0
13,test,634492,5065,18,pd_d192_k3_eval,pd_d192_k3_eval,True,4,30,0.36666666666666664,0.5909948233323411,0.8250836960861675,1.070230732507942,1.4002582641057448,0.26666666666666666,0.7333333333333333
13,test,634492,5065,18,pd_d192_k3_eval,pd_d192_k3_eval,True,9,30,0.3,0.05017337545529485,1.4071910509989274,0.7111761330183727,0.6828464288029329,0.8333333333333334,1.0
13,test,634492,5065,18,pd_d192_k3_eval,pd_d192_k3_eval,True,19,30,0.13333333333333333,-0.020162783925353932,1.2047543666559861,0.3264972187050097,0.5007415742429335,0.9,1.0
13,test,634492,5065,18,pd_d192_k3_eval,pd_d192_k3_eval,True,29,30,0.16666666666666666,0.2373535731835995,1.1727021019318982,0.21446124115063198,0.23981144024579373,1.0,1.0
14,dev,658744,5204,46,pd_d192_k3_eval,pd_d192_k3_eval,True,4,30,0.4666666666666667,0.31558052076890475,1.2163123777368174,1.326074345933638,1.2318323617470628,0.0,0.0
14,dev,658744,5204,46,pd_d192_k3_eval,pd_d192_k3_eval,True,9,30,0.36666666666666664,0.08694782462332838,1.4815985043042121,1.0393779281914108,0.8781333957732165,0.1,0.16666666666666666
14,dev,658744,5204,46,pd_d192_k3_eval,pd_d192_k3_eval,True,19,30,0.0,0.11783744381690299,1.093535576829976,0.6018978018339458,1.0453719587787098,0.0,0.7666666666666667
14,dev,658744,5204,46,pd_d192_k3_eval,pd_d192_k3_eval,True,29,30,0.0,-0.09398935835668391,1.1734571521565187,0.22488396326484053,0.4265893033537072,0.0,0.0
15,test,668349,5273,45,pd_d192_k3_eval,pd_d192_k3_eval,True,4,30,0.13333333333333333,0.06183932082770817,1.3418025717893622,1.2696189407093628,1.3243907312664844,0.0,0.0
15,test,668349,5273,45,pd_d192_k3_eval,pd_d192_k3_eval,True,9,30,0.23333333333333334,0.3520443393210635,1.0498632300036408,0.9730377997042591,1.1757421315965904,0.0,0.0
15,test,668349,5273,45,pd_d192_k3_eval,pd_d192_k3_eval,True,19,30,0.43333333333333335,0.28653297067913,1.1498227960971779,0.469090541214046,0.5086121491493171,0.9,1.0
15,test,668349,5273,45,pd_d192_k3_eval,pd_d192_k3_eval,True,29,30,0.16666666666666666,-0.13874451970842178,1.4042893081146444,0.24621903260793712,0.28734191910644097,0.9333333333333333,1.0
16,dev,704961,5616,16,pd_d192_k3_eval,pd_d192_k3_eval,True,4,30,0.3333333333333333,0.3091171237401802,1.0543704257829813,1.1417095021272459,1.4936710764838894,0.0,0.0
16,dev,704961,5616,16,pd_d192_k3_eval,pd_d192_k3_eval,True,9,30,0.03333333333333333,-0.02696459619179283,1.2427446060506284,0.9440729131780876,1.3271152493309977,0.0,0.0
16,dev,704961,5616,16,pd_d192_k3_eval,pd_d192_k3_eval,True,19,30,0.0,0.00043691462988818143,1.1472742577597463,0.5870299631024579,1.043075312499358,0.0,0.0
16,dev,704961,5616,16,pd_d192_k3_eval,pd_d192_k3_eval,True,29,30,0.0,0.10320426554505228,1.0400224925546535,0.3275075359126735,0.8046671110405018,0.0,0.0
17,test,734121,5889,10,pd_d192_k3_eval,pd_d192_k3_eval,True,4,30,0.26666666666666666,0.3973934967051719,1.0751197380028439,1.8047121015468544,1.884667917282435,0.0,0.0
17,test,734121,5889,10,pd_d192_k3_eval,pd_d192_k3_eval,True,9,30,0.0,-0.00654386779561678,1.2568615065343904,1.2324300676103617,1.6326493452200752,0.0,0.0
17,test,734121,5889,10,pd_d192_k3_eval,pd_d192_k3_eval,True,19,30,0.0,0.008696097185585668,1.1988452736894213,0.68542868216605,1.0230477868775771,0.0,0.0
17,test,734121,5889,10,pd_d192_k3_eval,pd_d192_k3_eval,True,29,30,0.0,-0.11889463799688005,1.3046432852622076,0.36717643183792353,0.5047729344327421,0.0,0.0
18,dev,746433,5977,36,pd_d192_k3_eval,pd_d192_k3_eval,True,4,30,0.13333333333333333,0.40726485131038015,1.0148285866522873,1.5490905238470773,1.8231202042808026,0.0,0.0
18,dev,746433,5977,36,pd_d192_k3_eval,pd_d192_k3_eval,True,9,30,0.1,0.43116394061940555,0.9283322388973443,1.2710875530668757,1.9568008362365217,0.0,0.0
18,dev,746433,5977,36,pd_d192_k3_eval,pd_d192_k3_eval,True,19,30,0.0,-0.12617600667550352,1.31289971596173,0.8818335383085391,1.2016714465221057,0.0,0.0
18,dev,746433,5977,36,pd_d192_k3_eval,pd_d192_k3_eval,True,29,30,0.0,-0.28735833600006666,1.5268165354694525,0.4638578156273413,0.5144537531231143,0.0,0.0
19,test,750681,6017,4,pd_d192_k3_eval,pd_d192_k3_eval,True,4,30,0.5333333333333333,0.7513506407220747,0.6764096153343303,1.6609214270563968,1.8457365643687729,0.0,0.0
19,test,750681,6017,4,pd_d192_k3_eval,pd_d192_k3_eval,True,9,30,0.03333333333333333,0.3155377313102863,1.2373783806412444,1.1497455848086124,1.0361011954563675,0.0,0.0
19,test,750681,6017,4,pd_d192_k3_eval,pd_d192_k3_eval,True,19,30,0.0,-0.32915782833334367,1.1496168241243196,0.4149460708715342,1.270664368256401,0.0,0.26666666666666666
19,test,750681,6017,4,pd_d192_k3_eval,pd_d192_k3_eval,True,29,30,0.0,0.14117736368522482,1.0593195977319314,0.28535752117482255,0.5507509943605771,0.0,0.0
20,dev,768392,6137,24,pd_d192_k3_eval,pd_d192_k3_eval,True,4,30,0.43333333333333335,0.6086005969514324,0.9462663429813819,1.4689872320273718,1.306727270886415,0.06666666666666667,0.06666666666666667
20,dev,768392,6137,24,pd_d192_k3_eval,pd_d192_k3_eval,True,9,30,0.36666666666666664,0.3240428919917893,1.1323236476156024,0.6815640157819153,0.7202674193899706,0.23333333333333334,0.7
20,dev,768392,6137,24,pd_d192_k3_eval,pd_d192_k3_eval,True,19,30,0.06666666666666667,7.710657105476287e-05,1.1939239997992501,0.3767074017824998,0.5774657684086131,0.0,0.7
20,dev,768392,6137,24,pd_d192_k3_eval,pd_d192_k3_eval,True,29,30,0.03333333333333333,-0.0031782347818680077,1.3287097497240994,0.34909557913350353,0.4004589517393244,0.03333333333333333,0.6333333333333333
21,test,806921,6483,104,pd_d192_k3_eval,pd_d192_k3_eval,True,4,30,0.06666666666666667,0.03848262171701244,1.1656290780333691,1.0610852519105665,1.6615127983362605,0.0,0.0
21,test,806921,6483,104,pd_d192_k3_eval,pd_d192_k3_eval,True,9,30,0.0,-0.07431407455655309,1.1943178843678302,0.7873138090108653,1.35070630409841,0.0,0.0
21,test,806921,6483,104,pd_d192_k3_eval,pd_d192_k3_eval,True,19,30,0.0,0.1253243498300161,1.063478498362713,0.4870666932136479,0.9581717927298266,0.0,0.0
21,test,806921,6483,104,pd_d192_k3_eval,pd_d192_k3_eval,True,29,30,0.0,0.09236327984071237,1.07879795073594,0.29230114532141394,0.5759662685592903,0.0,0.0
22,dev,818604,6556,34,pd_d192_k3_eval,pd_d192_k3_eval,True,4,30,0.4,0.5303263440629084,1.0165402988701844,1.668203048921433,1.5287522861635106,0.0,0.0
22,dev,818604,6556,34,pd_d192_k3_eval,pd_d192_k3_eval,True,9,30,0.26666666666666666,0.3224415417463308,1.222630938513913,1.0296743980106897,0.939261148213141,0.0,0.0
22,dev,818604,6556,34,pd_d192_k3_eval,pd_d192_k3_eval,True,19,30,0.1,0.26230429180198367,1.141842132119753,0.7282678976851094,0.8344808535612183,0.1,0.8666666666666667
22,dev,818604,6556,34,pd_d192_k3_eval,pd_d192_k3_eval,True,29,30,0.1,0.2212574187464584,1.1536452648498168,0.3571297044451294,0.4263833279186947,0.6666666666666666,1.0
23,test,850663,6863,40,pd_d192_k3_eval,pd_d192_k3_eval,True,4,30,0.0,0.04637235373215659,1.2984067553013938,1.7303123676682324,1.9756115350709809,0.0,0.8
23,test,850663,6863,40,pd_d192_k3_eval,pd_d192_k3_eval,True,9,30,0.0,0.052368837536311046,1.1509324372642908,1.1701855282846,1.8736545539024319,0.0,0.7
23,test,850663,6863,40,pd_d192_k3_eval,pd_d192_k3_eval,True,19,30,0.0,0.10145298492725188,1.0782846555385284,0.6678120040603102,1.2907716067950126,0.0,0.06666666666666667
23,test,850663,6863,40,pd_d192_k3_eval,pd_d192_k3_eval,True,29,30,0.0,0.07176831881790419,1.2476692341400526,0.4464432510390569,0.5435673208862289,0.0,0.0
24,dev,865402,6963,19,pd_d192_k3_eval,pd_d192_k3_eval,True,4,30,0.7,0.678036976207612,0.8855718479265307,1.2246083748306906,1.0449128079517787,0.1,0.1
24,dev,865402,6963,19,pd_d192_k3_eval,pd_d192_k3_eval,True,9,30,0.3,0.23055653085117056,1.278899755180378,0.9165965892778236,0.8643381183979206,1.0,1.0
24,dev,865402,6963,19,pd_d192_k3_eval,pd_d192_k3_eval,True,19,30,0.16666666666666666,0.15429086461104582,1.217052034056315,0.4353428805708712,0.5033218354487748,1.0,1.0
24,dev,865402,6963,19,pd_d192_k3_eval,pd_d192_k3_eval,True,29,30,0.1,0.06520319281354704,1.1186087029874638,0.2401973940678483,0.42087486851214667,1.0,1.0
25,test,975584,7930,19,pd_d192_k3_eval,pd_d192_k3_eval,True,4,30,0.3333333333333333,0.6265768644940783,0.814627093583291,1.3954225713089947,1.6156788179861827,0.0,0.0
25,test,975584,7930,19,pd_d192_k3_eval,pd_d192_k3_eval,True,9,30,0.3333333333333333,0.6384190769988796,0.8898174826632308,1.0368450115160883,0.9556968695153267,0.0,0.0
25,test,975584,7930,19,pd_d192_k3_eval,pd_d192_k3_eval,True,19,30,0.3,0.6323176252056727,0.7877019142897138,0.6266067661476398,0.8087384814536184,0.06666666666666667,0.06666666666666667
25,test,975584,7930,19,pd_d192_k3_eval,pd_d192_k3_eval,True,29,30,0.2,-0.11567388282970956,1.4734212700608122,0.2951234342798013,0.30343609977207886,0.26666666666666666,1.0
26,dev,989447,8042,43,pd_d192_k3_eval,pd_d192_k3_eval,True,4,30,0.1,0.16467306845379417,1.0351687250072399,1.0668948379768342,2.2281513715242314,0.0,0.0
26,dev,989447,8042,43,pd_d192_k3_eval,pd_d192_k3_eval,True,9,30,0.03333333333333333,-0.007716983203536873,1.1233746543370053,1.0456285665996645,2.0739527412047374,0.0,0.0
26,dev,989447,8042,43,pd_d192_k3_eval,pd_d192_k3_eval,True,19,30,0.0,-0.23829166180009895,1.2046932635122192,0.6355869594615076,1.339494089469885,0.0,0.0
26,dev,989447,8042,43,pd_d192_k3_eval,pd_d192_k3_eval,True,29,30,0.03333333333333333,0.0019479915746636672,1.199491409959054,0.3505152648861921,0.5276021232687019,0.0,0.0
27,test,1063727,8577,27,pd_d192_k3_eval,pd_d192_k3_eval,True,4,30,0.6666666666666666,0.7095324345097567,0.8867825179718797,1.7869732173864172,1.4320057569948232,0.0,0.0
27,test,1063727,8577,27,pd_d192_k3_eval,pd_d192_k3_eval,True,9,30,0.5,0.3769504974744586,1.2217351859729626,1.0003243398974155,0.8523198327861372,0.06666666666666667,0.23333333333333334
27,test,1063727,8577,27,pd_d192_k3_eval,pd_d192_k3_eval,True,19,30,0.3333333333333333,0.4769800334820234,0.8829793027048314,0.4733058555712398,0.8427645671644671,0.06666666666666667,0.5666666666666667
27,test,1063727,8577,27,pd_d192_k3_eval,pd_d192_k3_eval,True,29,30,0.13333333333333333,0.25521480593843054,1.0141965878647845,0.24012658630873138,0.42775311242897707,0.0,0.2
28,dev,1085924,8801,58,pd_d192_k3_eval,pd_d192_k3_eval,True,4,30,0.23333333333333334,0.4469222258982072,1.1013738214199644,2.091139845395251,1.9195526342537812,0.0,0.0
28,dev,1085924,8801,58,pd_d192_k3_eval,pd_d192_k3_eval,True,9,30,0.5,0.5453787572820298,0.9142096213037426,1.2960310971932187,1.423634128485996,0.1,0.23333333333333334
28,dev,1085924,8801,58,pd_d192_k3_eval,pd_d192_k3_eval,True,19,30,0.13333333333333333,-0.16738996773818005,1.3289121164386066,0.5577106684136397,0.7706466014355785,0.5666666666666667,1.0
28,dev,1085924,8801,58,pd_d192_k3_eval,pd_d192_k3_eval,True,29,30,0.03333333333333333,-0.05812309698267035,1.2587239492382445,0.267136774813653,0.37702705447478374,0.9333333333333333,1.0
29,test,1094081,8850,32,pd_d192_k3_eval,pd_d192_k3_eval,True,4,30,0.5333333333333333,0.634864921609111,0.7999589515374464,1.3146685348683198,1.5609934606807212,0.0,0.0
29,test,1094081,8850,32,pd_d192_k3_eval,pd_d192_k3_eval,True,9,30,0.36666666666666664,0.6163128239194788,0.8149464226402804,0.9075447108922385,1.098689246072,0.26666666666666666,0.8333333333333334
29,test,1094081,8850,32,pd_d192_k3_eval,pd_d192_k3_eval,True,19,30,0.23333333333333334,-0.0008863043267129944,1.2967199913045238,0.3873126916530516,0.46967838239776927,0.9333333333333333,1.0
29,test,1094081,8850,32,pd_d192_k3_eval,pd_d192_k3_eval,True,29,30,0.06666666666666667,-0.2117997299568093,1.2267002275917207,0.19701927591123927,0.37202519093199704,1.0,1.0
30,dev,1110912,8958,17,pd_d192_k3_eval,pd_d192_k3_eval,True,4,30,0.06666666666666667,0.10261325637970316,1.1814825590371723,1.3410828265197317,1.811950168096303,0.0,0.0
30,dev,1110912,8958,17,pd_d192_k3_eval,pd_d192_k3_eval,True,9,30,0.13333333333333333,0.521792759707565,0.9284098200134299,1.4760226598738135,1.6619201035841296,0.0,0.0
30,dev,1110912,8958,17,pd_d192_k3_eval,pd_d192_k3_eval,True,19,30,0.03333333333333333,-0.05003540135648385,1.3043109450388977,0.8363799649564877,1.0602507265969208,0.0,0.36666666666666664
30,dev,1110912,8958,17,pd_d192_k3_eval,pd_d192_k3_eval,True,29,30,0.0,0.33589578580535534,1.048660671059055,0.4207817821064271,0.5280302915745585,0.0,0.8
31,test,1138763,9240,64,pd_d192_k3_eval,pd_d192_k3_eval,True,4,30,0.0,-0.32154117403060334,1.5820774686277492,1.7834569462716103,1.8854991085092918,0.0,0.0
31,test,1138763,9240,64,pd_d192_k3_eval,pd_d192_k3_eval,True,9,30,0.0,-0.32438803627478796,1.6185291384816,1.6564401724943152,1.6749435979538185,0.0,0.0
31,test,1138763,9240,64,pd_d192_k3_eval,pd_d192_k3_eval,True,19,30,0.0,-0.19195951388137228,1.2657721512439517,0.5644554406758023,0.9292480062010644,0.0,0.0
31,test,1138763,9240,64,pd_d192_k3_eval,pd_d192_k3_eval,True,29,30,0.0,-0.5589032256072599,1.7175512779941247,0.5505116510532794,0.5824228686229529,0.0,0.0
32,dev,1207664,9876,74,pd_d192_k3_eval,pd_d192_k3_eval,True,4,30,0.4,0.5078124383193136,0.9575200078704537,1.0271735358859841,1.109491950949387,0.0,0.0
32,dev,1207664,9876,74,pd_d192_k3_eval,pd_d192_k3_eval,True,9,30,0.26666666666666666,0.4757920276911506,0.932193063214709,0.882405543741116,1.124657504035859,0.06666666666666667,0.2
32,dev,1207664,9876,74,pd_d192_k3_eval,pd_d192_k3_eval,True,19,30,0.03333333333333333,0.06148537418261504,1.14551671580936,0.5181965820589005,0.8309567815456463,0.06666666666666667,1.0
32,dev,1207664,9876,74,pd_d192_k3_eval,pd_d192_k3_eval,True,29,30,0.0,0.09050836875015063,1.0519824434586653,0.2741190839159218,0.6383522414296117,0.0,0.9
33,test,1320555,10683,97,pd_d192_k3_eval,pd_d192_k3_eval,True,4,30,0.0,-0.29994379310333125,1.5484266023252689,2.1480739790868806,2.3355619239833936,0.0,0.0
33,test,1320555,10683,97,pd_d192_k3_eval,pd_d192_k3_eval,True,9,30,0.0,-0.34143308781312565,1.5034344309195393,1.6459468686752843,1.978355802245365,0.0,0.0
33,test,1320555,10683,97,pd_d192_k3_eval,pd_d192_k3_eval,True,19,30,0.03333333333333333,0.23740401329609476,1.0427833711555405,0.7966360859430194,1.292069766743525,0.0,0.0
33,test,1320555,10683,97,pd_d192_k3_eval,pd_d192_k3_eval,True,29,30,0.16666666666666666,0.5532044960104275,0.9089806094023678,0.6224292549195447,0.678834277152212,0.0,0.0
34,dev,1338312,10833,60,pd_d192_k3_eval,pd_d192_k3_eval,True,4,30,0.16666666666666666,0.2646890267044562,1.1283860675430761,1.5978401786454541,1.8784412655178944,0.0,0.0
34,dev,1338312,10833,60,pd_d192_k3_eval,pd_d192_k3_eval,True,9,30,0.4,0.6637393663750332,0.7654481601895307,1.2704275742019095,1.5372900126003162,0.03333333333333333,0.03333333333333333
34,dev,1338312,10833,60,pd_d192_k3_eval,pd_d192_k3_eval,True,19,30,0.5,0.5991421696897293,0.8348988536765913,0.6532036304012224,0.7814905179351797,0.9666666666666667,1.0
34,dev,1338312,10833,60,pd_d192_k3_eval,pd_d192_k3_eval,True,29,30,0.16666666666666666,0.06717516821168706,1.1492950124546608,0.2183858801638311,0.34250904416551087,1.0,1.0
35,test,1370443,11060,102,pd_d192_k3_eval,pd_d192_k3_eval,True,4,30,0.5666666666666667,0.5791384494965166,0.9509530627545049,1.282199553294998,1.1997262160985236,0.0,0.0
35,test,1370443,11060,102,pd_d192_k3_eval,pd_d192_k3_eval,True,9,30,0.4,0.33033031081930386,1.086937088099359,0.814380710522698,0.936761548987031,0.7666666666666667,1.0
35,test,1370443,11060,102,pd_d192_k3_eval,pd_d192_k3_eval,True,19,30,0.36666666666666664,0.2590595615387562,1.1120008759921807,0.4906180733874968,0.6056182537992355,1.0,1.0
35,test,1370443,11060,102,pd_d192_k3_eval,pd_d192_k3_eval,True,29,30,0.1,0.1803462979438859,1.1269976867560547,0.3026683437401441,0.4143409611085094,1.0,1.0
36,dev,1371767,11069,94,pd_d192_k3_eval,pd_d192_k3_eval,True,4,30,0.0,-0.07865879516701393,1.2223437778237916,1.1086368569193368,1.7634688824986458,0.0,0.0
36,dev,1371767,11069,94,pd_d192_k3_eval,pd_d192_k3_eval,True,9,30,0.13333333333333333,0.34526556741207604,0.981173046407222,0.9801997005458692,1.5522683080482822,0.0,0.0
36,dev,1371767,11069,94,pd_d192_k3_eval,pd_d192_k3_eval,True,19,30,0.3,0.4532292281730434,1.0460613627766708,0.719820816055471,0.7193587477801527,0.06666666666666667,0.3
36,dev,1371767,11069,94,pd_d192_k3_eval,pd_d192_k3_eval,True,29,30,0.03333333333333333,0.008418785722693601,1.2432985746917218,0.3218881270940826,0.43076728043785584,0.7,1.0
37,test,1497457,11995,44,pd_d192_k3_eval,pd_d192_k3_eval,True,4,30,0.16666666666666666,0.31979977354095024,1.086806166965983,1.1672363981676066,1.3697202343057968,0.16666666666666666,0.7
37,test,1497457,11995,44,pd_d192_k3_eval,pd_d192_k3_eval,True,9,30,0.13333333333333333,0.21895076800778474,1.116303618978634,0.6980413242272666,0.9169841922551488,0.3333333333333333,1.0
37,test,1497457,11995,44,pd_d192_k3_eval,pd_d192_k3_eval,True,19,30,0.06666666666666667,-0.053294707633539926,1.3207541208753202,0.39989425166420306,0.4930082321080954,0.5666666666666667,1.0
37,test,1497457,11995,44,pd_d192_k3_eval,pd_d192_k3_eval,True,29,30,0.0,-0.05814979404718347,1.1304829128776062,0.16037398878807596,0.33956226804679845,0.6666666666666666,1.0
38,dev,1582932,12595,49,pd_d192_k3_eval,pd_d192_k3_eval,True,4,30,0.5,0.5982718103699087,0.9868731954517196,1.786307117309216,1.5211233186249733,0.0,0.03333333333333333
38,dev,1582932,12595,49,pd_d192_k3_eval,pd_d192_k3_eval,True,9,30,0.36666666666666664,0.48897639199971565,1.0616751153403363,1.3099947116751958,1.1972563429581458,0.8666666666666667,1.0
38,dev,1582932,12595,49,pd_d192_k3_eval,pd_d192_k3_eval,True,19,30,0.26666666666666666,0.37204655204470316,1.1296636579442738,0.7102571827686901,0.6991347751730642,1.0,1.0
38,dev,1582932,12595,49,pd_d192_k3_eval,pd_d192_k3_eval,True,29,30,0.4666666666666667,0.04232045412152648,1.5322895958695677,0.3919619243331497,0.3255261418287088,1.0,1.0
39,test,1592283,12683,2,pd_d192_k3_eval,pd_d192_k3_eval,True,4,30,0.16666666666666666,0.33176629205374536,1.0103163686223537,1.23601954054617,1.782445677966572,0.0,0.0
39,test,1592283,12683,2,pd_d192_k3_eval,pd_d192_k3_eval,True,9,30,0.2,0.29514392605102124,1.1745681355079889,1.2157453280708783,1.2426954287861052,0.0,0.0
39,test,1592283,12683,2,pd_d192_k3_eval,pd_d192_k3_eval,True,19,30,0.36666666666666664,0.47545983032510997,0.9453600315293764,0.5244568507499665,0.6383869275847107,0.7,1.0
39,test,1592283,12683,2,pd_d192_k3_eval,pd_d192_k3_eval,True,29,30,0.16666666666666666,0.2908546830886985,1.0246799477493118,0.28864897818826885,0.43888549009374866,0.8,1.0
40,dev,1751762,13940,70,pd_d192_k3_eval,pd_d192_k3_eval,True,4,30,0.03333333333333333,-0.08964817228873301,1.335059583529072,1.5635006703667222,1.9558231348649295,0.0,0.0
40,dev,1751762,13940,70,pd_d192_k3_eval,pd_d192_k3_eval,True,9,30,0.2,0.4719801905395004,0.9433920167673641,1.5852798694190724,1.9625422924105103,0.0,0.0
40,dev,1751762,13940,70,pd_d192_k3_eval,pd_d192_k3_eval,True,19,30,0.2,0.23679901786449592,1.1289776546210293,0.572023764846636,0.7046074974658758,0.7666666666666667,1.0
40,dev,1751762,13940,70,pd_d192_k3_eval,pd_d192_k3_eval,True,29,30,0.16666666666666666,0.2997448034246453,0.9853927525395112,0.24321422098526746,0.44510957338667434,1.0,1.0
41,test,1756693,13968,73,pd_d192_k3_eval,pd_d192_k3_eval,True,4,30,0.0,-0.08323549406111248,1.2745072104833128,1.505920239178573,2.117119005671529,0.0,0.0
41,test,1756693,13968,73,pd_d192_k3_eval,pd_d192_k3_eval,True,9,30,0.1,0.11878170524366188,1.1978932311580517,1.2833397355169451,1.6267476781417842,0.0,0.0
41,test,1756693,13968,73,pd_d192_k3_eval,pd_d192_k3_eval,True,19,30,0.26666666666666666,0.6112281052963121,0.8025906003594684,0.6986768940261662,0.9384981334268546,0.0,0.06666666666666667
41,test,1756693,13968,73,pd_d192_k3_eval,pd_d192_k3_eval,True,29,30,0.13333333333333333,-0.07184269079535477,1.3000111329209467,0.2301941901810476,0.30211667632114175,1.0,1.0
42,dev,1789810,14200,119,pd_d192_k3_eval,pd_d192_k3_eval,True,4,30,0.4,0.32757824273396,1.0355322524027613,1.200907395853401,1.5982022433284089,0.4,0.9666666666666667
42,dev,1789810,14200,119,pd_d192_k3_eval,pd_d192_k3_eval,True,9,30,0.26666666666666666,0.23565968626648312,1.0510744620600996,0.675251985359363,1.0616739162668583,0.3,1.0
42,dev,1789810,14200,119,pd_d192_k3_eval,pd_d192_k3_eval,True,19,30,0.0,0.024637091253507888,1.2202861817437107,0.6831456242265476,0.9430156589354557,0.0,1.0
42,dev,1789810,14200,119,pd_d192_k3_eval,pd_d192_k3_eval,True,29,30,0.0,-0.24734080896604782,1.2726770065361055,0.34556175705758296,0.5980477926262013,0.0,0.03333333333333333
43,test,1791388,14209,50,pd_d192_k3_eval,pd_d192_k3_eval,True,4,30,0.5666666666666667,0.48330956497019945,0.9523591793506473,1.1146591900823364,1.2987666101283346,0.8,1.0
43,test,1791388,14209,50,pd_d192_k3_eval,pd_d192_k3_eval,True,9,30,0.2,-0.02166621271919698,1.3795288177185505,0.9019616252179997,0.9710035207005419,0.9,1.0
43,test,1791388,14209,50,pd_d192_k3_eval,pd_d192_k3_eval,True,19,30,0.16666666666666666,0.2755570046880745,1.1131684487531963,0.43542916317368874,0.5203049421185879,1.0,1.0
43,test,1791388,14209,50,pd_d192_k3_eval,pd_d192_k3_eval,True,29,30,0.06666666666666667,0.222385007552105,1.097607176429352,0.264535670682059,0.36409128021146675,1.0,1.0
44,dev,1817969,14447,33,pd_d192_k3_eval,pd_d192_k3_eval,True,4,30,0.13333333333333333,-0.012709144767878522,1.3756315784479904,1.2807942205570566,1.3742049607788758,0.0,0.0
44,dev,1817969,14447,33,pd_d192_k3_eval,pd_d192_k3_eval,True,9,30,0.5,0.45409065713873314,1.1748745044992268,1.108898850993069,0.9089766266263833,0.13333333333333333,0.26666666666666666
44,dev,1817969,14447,33,pd_d192_k3_eval,pd_d192_k3_eval,True,19,30,0.5666666666666667,0.63292000192445,0.9104009858170107,0.5311983927369907,0.47774122200343483,0.9,1.0
44,dev,1817969,14447,33,pd_d192_k3_eval,pd_d192_k3_eval,True,29,30,0.06666666666666667,0.17408352188096887,1.101609097438833,0.22610855331217894,0.3385401493936868,1.0,1.0
45,test,1836411,14547,67,pd_d192_k3_eval,pd_d192_k3_eval,True,4,30,0.0,-0.20126270554663803,1.4046534807152182,1.489682594729643,1.849403596983774,0.0,0.0
45,test,1836411,14547,67,pd_d192_k3_eval,pd_d192_k3_eval,True,9,30,0.0,-0.3186445910239767,1.5659742181357852,1.17958390245483,1.2712753859775354,0.0,0.0
45,test,1836411,14547,67,pd_d192_k3_eval,pd_d192_k3_eval,True,19,30,0.03333333333333333,-0.38846544646551534,1.4808952383475156,0.5836724198247304,0.757204088500319,0.0,0.0
45,test,1836411,14547,67,pd_d192_k3_eval,pd_d192_k3_eval,True,29,30,0.03333333333333333,-0.1913753340571578,1.445045136888158,0.33666059451138625,0.38733077782425235,0.0,0.0
46,dev,1856976,14700,96,pd_d192_k3_eval,pd_d192_k3_eval,True,4,30,0.0,0.03998040319969311,1.1628634091322203,1.2798504566279238,2.016042389095371,0.0,0.0
46,dev,1856976,14700,96,pd_d192_k3_eval,pd_d192_k3_eval,True,9,30,0.03333333333333333,0.08824059604883915,1.1375273260924035,1.6383055661592836,2.5696381820633065,0.0,0.0
46,dev,1856976,14700,96,pd_d192_k3_eval,pd_d192_k3_eval,True,19,30,0.0,-0.019561310705296164,1.0801109172521366,0.6948704746776687,1.7857383020945086,0.0,0.0
46,dev,1856976,14700,96,pd_d192_k3_eval,pd_d192_k3_eval,True,29,30,0.0,-0.1866869157343726,1.2219277864629479,0.3481177673686712,0.6447564824736075,0.0,0.0
47,test,1872550,14853,0,pd_d192_k3_eval,pd_d192_k3_eval,True,4,30,0.13333333333333333,0.5739314754412395,0.9771676512600769,1.8790729935395292,1.6973140831765954,0.03333333333333333,0.06666666666666667
47,test,1872550,14853,0,pd_d192_k3_eval,pd_d192_k3_eval,True,9,30,0.26666666666666666,0.2214872184906512,1.0727922077356167,0.872578761925277,1.3050182058451025,0.36666666666666664,1.0
47,test,1872550,14853,0,pd_d192_k3_eval,pd_d192_k3_eval,True,19,30,0.26666666666666666,0.25659643230469753,1.1249424686511413,0.5052843143880432,0.60715563117519,0.5333333333333333,1.0
47,test,1872550,14853,0,pd_d192_k3_eval,pd_d192_k3_eval,True,29,30,0.16666666666666666,0.2829932610695283,1.1715455228814373,0.32020876366153456,0.3350333759614445,1.0,1.0
48,dev,1917206,15248,82,pd_d192_k3_eval,pd_d192_k3_eval,True,4,30,0.16666666666666666,0.3361698386754112,1.1142987463625629,1.1839449204712589,1.270718244296612,1.0,1.0
48,dev,1917206,15248,82,pd_d192_k3_eval,pd_d192_k3_eval,True,9,30,0.16666666666666666,0.24324495357120796,1.0929642257115404,0.8751150940113355,1.1715532256171293,1.0,1.0
48,dev,1917206,15248,82,pd_d192_k3_eval,pd_d192_k3_eval,True,19,30,0.13333333333333333,0.12084894422651736,1.1609462757517255,0.5765056851933245,0.7975495584126794,1.0,1.0
48,dev,1917206,15248,82,pd_d192_k3_eval,pd_d192_k3_eval,True,29,30,0.06666666666666667,0.15927154801728674,1.3232147177306628,0.30509471121012494,0.2932671441958991,1.0,1.0
49,test,1958883,15683,106,pd_d192_k3_eval,pd_d192_k3_eval,True,4,30,0.13333333333333333,0.13811660835195033,1.162441890096381,1.2290121561851783,1.6459727554141734,0.0,0.0
49,test,1958883,15683,106,pd_d192_k3_eval,pd_d192_k3_eval,True,9,30,0.03333333333333333,-0.232243245703176,1.3853796476281046,1.0841690654468423,1.4373701692765073,0.0,0.0
49,test,1958883,15683,106,pd_d192_k3_eval,pd_d192_k3_eval,True,19,30,0.0,0.056630134411565,1.2530601308152123,0.704648438592275,0.8658317426939204,0.0,0.0
49,test,1958883,15683,106,pd_d192_k3_eval,pd_d192_k3_eval,True,29,30,0.0,-0.7541396649073904,1.5852968661874034,0.38600026017839456,0.5604466072634928,0.0,0.0
50,dev,1996212,15966,38,pd_d192_k3_eval,pd_d192_k3_eval,True,4,30,0.2,0.41646417130724883,1.050938193975362,1.6258547350534682,1.7229622968046576,0.03333333333333333,0.06666666666666667
50,dev,1996212,15966,38,pd_d192_k3_eval,pd_d192_k3_eval,True,9,30,0.16666666666666666,0.3759455437796197,0.9516087308460265,0.9584775444333851,1.617693730866336,0.03333333333333333,0.36666666666666664
50,dev,1996212,15966,38,pd_d192_k3_eval,pd_d192_k3_eval,True,19,30,0.2,0.30712017746648873,1.2110352510993814,0.5667253562934899,0.5366350313075333,0.7333333333333333,1.0
50,dev,1996212,15966,38,pd_d192_k3_eval,pd_d192_k3_eval,True,29,30,0.23333333333333334,0.4002299854270715,1.0183037640123445,0.2623556705254718,0.31076716745792854,1.0,1.0
51,test,2027653,16134,150,pd_d192_k3_eval,pd_d192_k3_eval,True,4,30,0.26666666666666666,0.22860615570780612,1.2010725960501087,1.0896410275803508,1.1690774171946288,0.7666666666666667,1.0
51,test,2027653,16134,150,pd_d192_k3_eval,pd_d192_k3_eval,True,9,30,0.2,0.0859025205114138,1.3084591193628192,0.982664221451153,1.0519867062385353,0.9,1.0
51,test,2027653,16134,150,pd_d192_k3_eval,pd_d192_k3_eval,True,19,30,0.26666666666666666,0.21378187396569323,1.1700500575169395,0.6606776939534691,0.7702277067878309,0.9666666666666667,1.0
51,test,2027653,16134,150,pd_d192_k3_eval,pd_d192_k3_eval,True,29,30,0.16666666666666666,0.2957975790232349,1.0850876610163915,0.31910844330393384,0.3937213757889667,1.0,1.0
52,dev,2056217,16265,51,pd_d192_k3_eval,pd_d192_k3_eval,True,4,30,0.03333333333333333,0.15174649490786232,1.0413849429373017,1.0176202000640329,2.121664017144289,0.0,0.0
52,dev,2056217,16265,51,pd_d192_k3_eval,pd_d192_k3_eval,True,9,30,0.2,0.4398776802047223,0.9809182978316778,1.1984936145587646,1.4362551647697683,0.0,0.0
52,dev,2056217,16265,51,pd_d192_k3_eval,pd_d192_k3_eval,True,19,30,0.06666666666666667,0.06232768831040781,1.1282042832817119,0.5609491724543659,0.9533812012653942,0.1,1.0
52,dev,2056217,16265,51,pd_d192_k3_eval,pd_d192_k3_eval,True,29,30,0.0,-0.13592277682659645,1.2324842766605417,0.4059491806310709,0.6797359212314098,0.1,1.0
53,test,2131015,16989,23,pd_d192_k3_eval,pd_d192_k3_eval,True,4,30,0.13333333333333333,0.3786072145273206,1.1789476955190221,1.4958094702931874,1.3489682154802265,0.0,0.0
53,test,2131015,16989,23,pd_d192_k3_eval,pd_d192_k3_eval,True,9,30,0.3,0.4606245822203621,1.1322982815732285,1.6781082960534637,1.4420812702716457,0.0,0.0
53,test,2131015,16989,23,pd_d192_k3_eval,pd_d192_k3_eval,True,19,30,0.1,0.11015728407791862,1.2330363227605499,0.6782390944756429,0.8075310258133499,0.13333333333333333,0.8666666666666667
53,test,2131015,16989,23,pd_d192_k3_eval,pd_d192_k3_eval,True,29,30,0.13333333333333333,0.2566186470168893,1.1823274053644346,0.4193836080499833,0.44728933247442465,0.5666666666666667,1.0
54,dev,2162795,17252,52,pd_d192_k3_eval,pd_d192_k3_eval,True,4,30,0.23333333333333334,0.2781067375214364,1.1512481299777009,1.1970611220034453,1.311552407956452,1.0,1.0
54,dev,2162795,17252,52,pd_d192_k3_eval,pd_d192_k3_eval,True,9,30,0.13333333333333333,0.3501385918580126,1.1710250243729814,1.121270578098069,1.0649189080421155,0.9666666666666667,1.0
54,dev,2162795,17252,52,pd_d192_k3_eval,pd_d192_k3_eval,True,19,30,0.06666666666666667,0.09946976733558133,1.091214679478162,0.3849085182888071,0.7031545075098811,1.0,1.0
54,dev,2162795,17252,52,pd_d192_k3_eval,pd_d192_k3_eval,True,29,30,0.03333333333333333,0.09389589051499976,1.1690055360704363,0.22823958771062364,0.3230169694703762,1.0,1.0
55,test,2227454,17719,45,pd_d192_k3_eval,pd_d192_k3_eval,True,4,30,0.4666666666666667,0.41484110571413196,1.086106451974295,1.098127388892289,1.0895187979298182,0.9,1.0
55,test,2227454,17719,45,pd_d192_k3_eval,pd_d192_k3_eval,True,9,30,0.5333333333333333,0.5112902634519733,0.9682678176348969,0.6608049076586666,0.6902510703993586,1.0,1.0
55,test,2227454,17719,45,pd_d192_k3_eval,pd_d192_k3_eval,True,19,30,0.06666666666666667,0.10516359740017747,1.107150940420661,0.3362449088240107,0.5681459928620709,1.0,1.0
55,test,2227454,17719,45,pd_d192_k3_eval,pd_d192_k3_eval,True,29,30,0.06666666666666667,-0.2029075084570597,1.4092176656797575,0.2246399031354998,0.2771501293862243,1.0,1.0
56,dev,2237502,17787,47,pd_d192_k3_eval,pd_d192_k3_eval,True,4,30,0.5333333333333333,0.6070337832183691,0.8343683927991692,1.5745730170667303,1.8280964991853963,0.0,0.0
56,dev,2237502,17787,47,pd_d192_k3_eval,pd_d192_k3_eval,True,9,30,0.4666666666666667,0.33513813516872365,1.1923695705476756,1.2433151537297766,1.166409009347173,0.4666666666666667,1.0
56,dev,2237502,17787,47,pd_d192_k3_eval,pd_d192_k3_eval,True,19,30,0.1,-0.06104166381572407,1.2231372959170095,0.4237116996691744,0.6559844759341338,0.6666666666666666,1.0
56,dev,2237502,17787,47,pd_d192_k3_eval,pd_d192_k3_eval,True,29,30,0.03333333333333333,-0.29563127430962083,1.2404972640599896,0.22076236922118928,0.44533995878669397,0.9666666666666667,1.0
57,test,2278535,18089,35,pd_d192_k3_eval,pd_d192_k3_eval,True,4,30,0.13333333333333333,0.08140445475525801,1.2341166366574061,1.6166939259680135,1.9979184497840459,0.0,0.0
57,test,2278535,18089,35,pd_d192_k3_eval,pd_d192_k3_eval,True,9,30,0.16666666666666666,-0.20229111044732925,1.3939891431263514,1.6117929831732327,2.0409137615228232,0.0,0.0
57,test,2278535,18089,35,pd_d192_k3_eval,pd_d192_k3_eval,True,19,30,0.03333333333333333,0.10798737993241936,1.2138257306514304,0.885235978143598,1.100449401628134,0.0,0.0
57,test,2278535,18089,35,pd_d192_k3_eval,pd_d192_k3_eval,True,29,30,0.06666666666666667,-0.28174194369060857,1.312615471655031,0.3056685435996847,0.497838623740085,0.0,0.0
58,dev,2315577,18491,19,pd_d192_k3_eval,pd_d192_k3_eval,True,4,30,0.43333333333333335,0.5579344017160272,0.8826046449006136,1.2437600097395602,1.4489221264588408,0.26666666666666666,0.4666666666666667
58,dev,2315577,18491,19,pd_d192_k3_eval,pd_d192_k3_eval,True,9,30,0.2,0.2365180048632084,1.1695207731311432,0.9860707415110397,1.1111213533086162,0.2,1.0
58,dev,2315577,18491,19,pd_d192_k3_eval,pd_d192_k3_eval,True,19,30,0.16666666666666666,-0.22447822116059954,1.3706709658316913,0.40095577599582205,0.5422458869601073,0.36666666666666664,1.0
58,dev,2315577,18491,19,pd_d192_k3_eval,pd_d192_k3_eval,True,29,30,0.13333333333333333,0.18600321250023377,1.0317054067135558,0.19267579828328504,0.38483829304885614,0.43333333333333335,1.0
59,test,2329977,18625,21,pd_d192_k3_eval,pd_d192_k3_eval,True,4,30,0.0,0.012877599408571276,1.1746045697325302,1.177021056724736,1.8706425129136635,0.0,0.0
59,test,2329977,18625,21,pd_d192_k3_eval,pd_d192_k3_eval,True,9,30,0.0,-0.14629440635749383,1.2621578960682782,0.9595456439556357,1.5050025747758908,0.0,0.0
59,test,2329977,18625,21,pd_d192_k3_eval,pd_d192_k3_eval,True,19,30,0.0,-0.12357157605967511,1.3228759211394658,0.7758750187331099,1.0328118493347482,0.0,0.0
59,test,2329977,18625,21,pd_d192_k3_eval,pd_d192_k3_eval,True,29,30,0.0,-0.06402266895790228,1.1999722508567137,0.3631364162744782,0.6028813267439473,0.0,0.0
