episode_id,dataset_index,dataset_episode,dataset_start,goal_offset,horizon,receding_horizon,warm_start,success,time_to_success,steps_executed,initial_distance,final_distance,best_distance,final_pos_l2,best_pos_l2,final_angle_abs,best_angle_abs,distance_auc,mean_step_distance,episode_return,mean_action_l2,mean_action_delta_l2
0,150187,1235,36,25,5,1,true,0,nan,50,229.72131,275.84015,56.025978,117.408394,25.8125,0.021731615,0.021731615,9422.259376525879,188.4451875305176,-9422.259418487549,0.375473524145782,0.43487164454192534
1,159883,1316,129,25,5,1,true,0,nan,50,98.6348,273.5061,98.6348,77.968185,63.125713,0.0196774,0.0111198425,10295.750396728516,205.91500793457033,-10295.750518798828,0.4050210228562355,0.477765437747751
2,201656,1639,40,25,5,1,true,0,nan,50,203.44919,153.02155,63.628628,79.8196,56.83828,0.3707111,0.3707111,9512.872951507568,190.25745903015138,-9512.872817993164,0.3518552188575268,0.4967755316471567
3,209210,1694,59,25,5,1,true,0,nan,50,225.51054,70.25861,70.25861,40.842075,27.524702,0.03709483,0.03709483,12816.219841003418,256.3243968200684,-12816.219818115234,0.5422897608578205,0.6744391793499187
4,216281,1761,19,25,5,1,true,0,nan,50,224.51173,150.54074,111.81196,133.79932,99.10165,0.36745477,0.36745477,9763.242904663086,195.26485809326172,-9763.24301147461,0.2848414857685566,0.3312336264976433
5,221571,1820,13,25,5,1,true,0,nan,50,311.6959,182.30515,75.542145,96.910324,44.951187,0.41781902,0.41781902,10166.941848754883,203.33883697509765,-10166.941780090332,0.3568583033233881,0.44231016264886275
6,305393,2635,114,25,5,1,true,0,nan,50,115.23367,296.56543,53.25637,52.978783,35.78947,0.0052890778,0.0020830631,9267.959754943848,185.35919509887697,-9267.959796905518,0.3974423673376441,0.5581411705637465
7,388512,3184,115,25,5,1,true,0,nan,50,156.09914,145.52692,109.45182,122.10435,91.102036,0.009015799,0.009015799,9142.513320922852,182.85026641845704,-9142.513343811035,0.3332598125934601,0.45883273318105816
8,429216,3517,2,25,5,1,true,0,nan,50,217.99022,350.199,52.776917,57.18291,37.67682,0.15305519,0.15305519,10966.43773651123,219.3287547302246,-10966.437828063965,0.397294986769557,0.47016623342523767
9,472611,3838,133,25,5,1,true,1,25.0,25,112.600464,203.807,90.724945,19.87001,19.87001,0.10073781,0.0058176517,5485.883926391602,219.43535705566407,-5485.88387298584,0.46134146362543105,0.47667350992560387
10,532318,4299,20,25,5,1,true,0,nan,50,214.71747,341.3443,114.64303,58.00718,44.545776,2.1484482,1.90043,16376.742057800293,327.5348411560059,-16376.742401123047,0.7204913741350174,0.7866798900828069
11,645504,5123,126,25,5,1,true,0,nan,50,110.95881,99.85059,99.85059,94.06175,45.232952,0.14773536,0.0058271885,10223.242752075195,204.4648550415039,-10223.24275970459,0.4032351066172123,0.4506155564164629
12,829098,6651,49,25,5,1,true,1,11.0,11,141.55779,269.62576,105.91271,15.935671,15.935671,0.038401842,0.001957655,1849.8790893554688,168.17082630504262,-1849.8791809082031,0.4234621091322465,0.3790389358997345
13,867812,6983,65,25,5,1,true,1,20.0,20,164.75528,192.23521,100.77629,18.448729,18.448729,0.085653305,0.085653305,3803.8959197998047,190.19479598999024,-3803.8959426879883,0.30879793502390385,0.3496946925787549
14,941649,7572,117,25,5,1,true,0,nan,50,244.9248,352.47723,87.858734,81.54404,52.993874,0.13323474,0.13323474,10318.237243652344,206.36474487304687,-10318.237335205078,0.4718845208734274,0.6044766951960568
15,1015425,8235,10,25,5,1,true,0,nan,50,291.81088,1003.76013,90.90567,257.0148,44.372078,0.3499081,0.008777142,17324.632286071777,346.49264572143557,-17324.63217163086,0.7297471450269222,0.8314805167670153
16,1028336,8313,130,25,5,1,true,1,26.0,26,257.71283,38.49145,38.49145,15.455661,15.455661,0.06337619,0.016164541,5420.714183807373,208.48900706951434,-5420.714164733887,0.33712390462796277,0.3424654963612557
17,1038328,8373,102,25,5,1,true,0,nan,50,268.93643,563.94293,148.80373,364.08118,52.120483,0.4055164,0.01889348,26547.15200805664,530.9430401611328,-26547.151962280273,1.1295155251026154,1.4427104841689675
18,1043460,8408,89,25,5,1,true,0,nan,50,165.97649,241.89543,115.28302,109.5526,32.61712,0.057150126,0.0027770996,15809.718536376953,316.1943707275391,-15809.718727111816,0.7018131762742996,1.0547747838557984
19,1054182,8486,37,25,5,1,true,1,24.0,24,130.55582,203.28804,62.546326,16.7128,16.7128,0.17125106,0.055134296,5345.825302124023,222.74272092183432,-5345.825366973877,0.4407826255386074,0.3628086787041115
20,1054375,8488,20,25,5,1,true,0,nan,50,202.3323,431.5666,95.27834,126.74401,47.843594,0.09413266,0.09413266,14878.758117675781,297.5751623535156,-14878.758056640625,0.6928144360333681,1.045262228165354
21,1175223,9591,26,25,5,1,true,0,nan,50,152.71135,493.11356,54.376442,94.46445,22.067396,0.56585455,0.5618663,12428.76016998291,248.5752033996582,-12428.760154724121,0.5806220760941505,0.5998700600193472
22,1206117,9864,51,25,5,1,true,0,nan,50,83.640465,105.871994,82.914925,82.15421,58.844753,0.045398712,0.004182577,10111.06103515625,202.221220703125,-10111.061004638672,0.4238936710357666,0.519723905212417
23,1237215,10117,136,25,5,1,true,0,nan,50,55.33609,159.30315,49.273212,69.55718,30.711954,0.033340216,0.033340216,8500.02534866333,170.0005069732666,-8500.025382995605,0.37406534537673,0.47973849981719136
24,1279178,10378,28,25,5,1,true,0,nan,50,177.95279,83.56655,43.476044,55.23463,41.558773,0.24072313,0.24072313,6896.980392456055,137.9396078491211,-6896.980506896973,0.2929740199446678,0.40162005214666835
25,1299073,10489,33,25,5,1,true,0,nan,50,143.4154,167.03842,89.911736,91.31217,48.632633,0.09948087,0.09948087,8561.048889160156,171.22097778320312,-8561.048950195312,0.3521846324205399,0.43995254593236105
26,1475335,11775,26,25,5,1,true,0,nan,50,268.7706,240.53607,50.985947,41.704796,34.51997,0.48579693,0.24291515,7485.877368927002,149.71754737854005,-7485.877475738525,0.30732505351305006,0.3613487962557345
27,1504936,12047,95,25,5,1,true,0,nan,50,138.76318,178.49762,89.80796,75.86048,50.832012,0.05800128,0.05800128,8257.015434265137,165.14030868530273,-8257.015365600586,0.3159775413945317,0.3785464914173496
28,1529288,12221,47,25,5,1,true,0,nan,50,219.77599,151.31018,84.64975,94.35253,47.86679,0.08287692,0.04791355,17260.088661193848,345.20177322387696,-17260.088554382324,0.7432652762904763,0.984135132663104
29,1582219,12591,156,25,5,1,true,0,nan,50,103.032745,220.0807,86.43168,163.91997,36.77797,0.0,0.0,11926.442810058594,238.52885620117186,-11926.442825317383,0.43987162970006466,0.5914096540334274
30,1627802,12961,26,25,5,1,true,0,nan,50,122.18609,161.5289,54.306057,108.57801,25.879404,0.19479275,0.19479275,8613.160785675049,172.26321571350098,-8613.16081237793,0.37457976362202317,0.5324984603390401
31,1635425,13029,33,25,5,1,true,0,nan,50,180.77676,371.52615,99.164024,92.294,59.88671,0.3757193,0.3757193,10622.840469360352,212.45680938720704,-10622.84049987793,0.45951789394021036,0.5670374907097038
32,1673953,13303,73,25,5,1,true,0,nan,50,371.9239,691.6145,67.12787,214.65428,49.83422,0.46018887,0.21965814,17929.962745666504,358.59925491333007,-17929.962760925293,0.7948835454136133,1.0938613360025444
33,1715193,13586,36,25,5,1,true,0,nan,50,74.49926,181.52324,59.773026,43.555576,40.59754,0.08951497,0.08951497,7185.745464324951,143.71490928649902,-7185.745513916016,0.3089391438104212,0.39951786691589014
34,1768148,14033,88,25,5,1,true,0,nan,50,291.4219,160.24168,65.674065,45.358925,36.420467,0.115588665,0.115588665,12383.226364135742,247.66452728271486,-12383.226432800293,0.3066958878934383,0.40055141050596627
35,1775707,14108,36,25,5,1,true,1,24.0,24,219.38782,617.4725,104.90945,15.912446,15.912446,0.1244843,0.0022890568,5403.114677429199,225.12977822621664,-5403.11474609375,0.46920400982101756,0.5025408306847448
36,1805134,14327,28,25,5,1,true,0,nan,50,129.9213,334.5584,86.7564,105.94825,40.43191,0.019658566,0.008971691,15157.226356506348,303.14452713012696,-15157.226531982422,0.6415605565160513,0.8522953825945757
37,1816074,14432,48,25,5,1,true,1,7.0,7,192.79257,196.2479,122.35162,16.272812,16.272812,0.10904622,0.10335851,1271.3768005371094,181.62525721958704,-1271.3768310546875,0.26545571110078264,0.2744554231564204
38,1823057,14474,99,25,5,1,true,0,nan,50,243.27267,106.622246,82.965355,65.76539,30.435097,0.046154737,0.046154737,10418.780990600586,208.3756198120117,-10418.781089782715,0.4369979545846581,0.4795555923970378
39,1832757,14526,127,25,5,1,true,0,nan,50,201.75465,105.26671,68.110664,55.285923,30.129736,0.13777089,0.061433315,10299.92642211914,205.99852844238282,-10299.926414489746,0.41907058864831925,0.4565373608196268
40,1920151,15277,43,25,5,1,true,0,nan,50,106.75308,196.23216,43.117947,47.490856,25.899042,0.04917741,0.024939775,9626.387851715088,192.52775703430177,-9626.38790512085,0.4621071318909526,0.5648269193361
41,1933213,15435,20,25,5,1,true,0,nan,50,185.01952,179.38686,97.19039,73.00795,39.08702,0.041305304,0.041305304,10454.456405639648,209.08912811279296,-10454.456260681152,0.4740687808394432,0.5753165729800049
42,1962501,15701,34,25,5,1,true,0,nan,50,245.11049,321.356,112.2904,97.992065,75.035645,0.13089871,0.13089871,10918.419380187988,218.36838760375977,-10918.419563293457,0.37716221913695336,0.3694736638239452
43,2005034,16015,138,25,5,1,true,1,27.0,27,469.73764,246.7442,102.81742,17.942017,17.942017,0.0,0.0,6270.628677368164,232.24550656919126,-6270.628623962402,0.505625143095299,0.6222882603223507
44,2005681,16019,73,25,5,1,true,1,9.0,9,285.90512,273.99844,207.50296,12.104937,12.104937,0.22287774,0.22287774,2509.142562866211,278.79361809624567,-2509.142578125,0.24831557522217432,0.3228545989841223
45,2069995,16400,0,25,5,1,true,0,nan,50,182.25975,185.3745,56.383484,78.94211,47.89376,0.004714489,0.004714489,11539.293106079102,230.78586212158203,-11539.293125152588,0.4547364917397499,0.6317011697255835
46,2083087,16532,36,25,5,1,true,0,nan,50,182.71317,252.06291,88.738014,132.02121,86.43502,0.1475277,0.1475277,10971.68539428711,219.4337078857422,-10971.68539428711,0.4026108314096928,0.5417783771242414
47,2164265,17264,10,25,5,1,true,1,19.0,19,305.70963,263.34534,127.12289,17.738777,17.738777,0.053231955,0.045406103,6018.8564376831055,316.781917772795,-6018.856399536133,0.5716290630792317,0.4668522791730033
48,2263298,17939,41,25,5,1,true,0,nan,50,242.18587,111.504745,51.30816,87.0981,20.823063,0.40056586,0.01367712,10018.911193847656,200.37822387695311,-10018.911094665527,0.3916210033744574,0.5121083736267625
49,2275347,18054,22,25,5,1,true,0,nan,50,233.26695,475.11447,98.22973,137.5135,72.938446,1.3937438,0.6999748,9778.640357971191,195.57280715942383,-9778.640296936035,0.41967173766344784,0.5092521267277854
0,150187,1235,36,25,5,1,false,1,34.0,34,229.72131,67.22179,47.25559,16.187687,16.187687,0.016428947,0.009993553,4028.1235885620117,118.47422319300034,-4028.123603820801,0.2417071977739825,0.268160316528696
1,159883,1316,129,25,5,1,false,0,nan,50,98.6348,90.04983,74.695656,72.02671,67.64128,0.0196774,0.0111198425,7346.999099731445,146.9399819946289,-7346.999099731445,0.20999906338751317,0.23390037102662786
2,201656,1639,40,25,5,1,false,0,nan,50,203.44919,59.91924,46.79859,47.24694,32.08807,0.1702764,0.1702764,5553.577377319336,111.07154754638673,-5553.577335357666,0.18082356479018927,0.17284758544850107
3,209210,1694,59,25,5,1,false,0,nan,50,225.51054,247.17693,82.53619,184.58806,27.107836,0.046032667,0.046032667,10015.926681518555,200.3185336303711,-10015.926727294922,0.267174776121974,0.23927638269200616
4,216281,1761,19,25,5,1,false,0,nan,50,224.51173,115.30903,64.777695,68.8785,54.787533,0.15608835,0.15608835,7181.719146728516,143.6343829345703,-7181.719169616699,0.16605908162891864,0.19297492888052853
5,221571,1820,13,25,5,1,false,0,nan,50,311.6959,244.14275,50.50099,82.87912,38.443806,0.3362565,0.3362565,7247.850814819336,144.9570162963867,-7247.85094833374,0.20981441274285317,0.23559847350555416
6,305393,2635,114,25,5,1,false,0,nan,50,115.23367,98.56359,46.620125,63.1557,40.77178,0.0108475685,0.00012803078,5866.4607009887695,117.32921401977539,-5866.460720062256,0.18396959967911244,0.23246881426597127
7,388512,3184,115,25,5,1,false,0,nan,50,156.09914,103.77346,61.956367,99.78432,61.231323,0.009015799,0.009015799,5449.656509399414,108.99313018798829,-5449.656608581543,0.17119110364466905,0.2056074576566414
8,429216,3517,2,25,5,1,false,0,nan,50,217.99022,111.81641,59.479805,44.34592,39.98679,0.15305519,0.15305519,9208.874183654785,184.1774836730957,-9208.874237060547,0.21598706275224686,0.2525391046489988
9,472611,3838,133,25,5,1,false,0,nan,50,112.600464,106.51833,71.84533,82.6606,49.75002,0.09359145,0.0058176517,7081.053733825684,141.62107467651367,-7081.053680419922,0.23030711472034454,0.26902917080691885
10,532318,4299,20,25,5,1,false,0,nan,50,214.71747,249.1081,137.2853,135.77759,127.65109,2.5981476,1.9004252,13528.23501586914,270.5647003173828,-13528.235061645508,0.49761860352009535,0.6081448097770311
11,645504,5123,126,25,5,1,false,1,17.0,17,110.95881,195.85715,87.14325,12.648095,12.648095,0.06949806,0.0058271885,2635.7303619384766,155.04296246696921,-2635.730323791504,0.303184654289747,0.23898344789631665
12,829098,6651,49,25,5,1,false,0,nan,50,141.55779,153.48749,105.19163,80.22669,32.052254,0.05149722,0.001957655,10186.293739318848,203.72587478637695,-10186.293807983398,0.36404392406344416,0.41768495487619417
13,867812,6983,65,25,5,1,false,1,15.0,15,164.75528,248.49757,129.1472,13.524778,13.524778,0.23664522,0.21340346,2810.9197998046875,187.3946533203125,-2810.9197845458984,0.2519759195546309,0.2104457781783172
14,941649,7572,117,25,5,1,false,0,nan,50,244.9248,128.52942,51.854538,67.201164,45.79889,0.22100091,0.22100091,5367.8461837768555,107.3569236755371,-5367.846103668213,0.19262706281617284,0.2700235826552522
15,1015425,8235,10,25,5,1,false,0,nan,50,291.81088,338.54373,131.83076,160.7482,99.99138,0.008777142,0.008777142,10923.08479309082,218.4616958618164,-10923.084854125977,0.26001988515257835,0.299983698190475
16,1028336,8313,130,25,5,1,false,1,40.0,40,257.71283,108.62723,34.952736,19.930828,19.930828,0.07481432,0.0023844242,6935.777519226074,173.39443798065184,-6935.777500152588,0.25657680314034226,0.2506588297203565
17,1038328,8373,102,25,5,1,false,0,nan,50,268.93643,326.41962,196.55864,194.94939,187.04208,0.11780858,0.11780858,16084.61589050293,321.69231781005857,-16084.615829467773,0.44678454235196113,0.5808813447246746
18,1043460,8408,89,25,5,1,false,1,22.0,22,165.97649,242.2638,117.66851,18.189547,18.189547,0.025586605,0.0027770996,4946.42219543457,224.8373725197532,-4946.42219543457,0.4122645536606962,0.3961052185013181
19,1054182,8486,37,25,5,1,false,0,nan,50,130.55582,127.453224,100.059235,111.041145,88.68854,0.15918922,0.055134296,8501.800689697266,170.0360137939453,-8501.800857543945,0.2362574468553066,0.2560198254579184
20,1054375,8488,20,25,5,1,false,0,nan,50,202.3323,222.97104,65.38541,91.50319,51.163025,0.13563919,0.13512921,7091.5865478515625,141.83173095703125,-7091.586608886719,0.1796912256628275,0.21956809017123008
21,1175223,9591,26,25,5,1,false,0,nan,50,152.71135,298.6034,45.05886,254.86073,25.193213,0.58791494,0.58791494,9168.811569213867,183.37623138427733,-9168.811553955078,0.35696709156036377,0.3829060705492691
22,1206117,9864,51,25,5,1,false,0,nan,50,83.640465,76.091064,58.65457,53.400288,53.400288,0.044915676,8.559227e-05,6462.151752471924,129.24303504943848,-6462.151756286621,0.2216494096815586,0.2558221563468782
23,1237215,10117,136,25,5,1,false,0,nan,50,55.33609,109.1863,27.828978,49.985954,23.370436,0.2565384,0.0031063557,6356.544939041138,127.13089878082275,-6356.545045852661,0.25530198842287066,0.27431148096767005
24,1279178,10378,28,25,5,1,false,0,nan,50,177.95279,64.91159,50.02032,64.82372,43.47521,0.3961079,0.3367455,5487.209873199463,109.74419746398925,-5487.209796905518,0.19460720658302308,0.2479199666757973
25,1299073,10489,33,25,5,1,false,0,nan,50,143.4154,133.1453,90.7874,110.905,85.01588,0.100031376,0.100031376,6642.9148025512695,132.85829605102538,-6642.914756774902,0.18750546991825104,0.21966190385271092
26,1475335,11775,26,25,5,1,false,0,nan,50,268.7706,72.6744,55.176903,53.330708,53.330708,0.39610863,0.3826332,6187.112602233887,123.74225204467774,-6187.112628936768,0.20554069183766843,0.2431693871752644
27,1504936,12047,95,25,5,1,false,1,12.0,12,138.76318,140.41855,76.46339,10.432943,10.432943,0.29424882,0.29424882,1608.6404342651367,134.05336952209473,-1608.640480041504,0.24078235014652213,0.24854124913161452
28,1529288,12221,47,25,5,1,false,0,nan,50,219.77599,200.38972,67.92188,50.44118,48.380238,0.08216882,0.0045614243,12144.882225036621,242.8976445007324,-12144.88217163086,0.45761966943740845,0.6263601049324687
29,1582219,12591,156,25,5,1,false,0,nan,50,103.032745,175.53555,86.43168,170.99019,32.23774,0.0,0.0,8739.3525390625,174.78705078125,-8739.352500915527,0.26578124940395353,0.3147413958700336
30,1627802,12961,26,25,5,1,false,0,nan,50,122.18609,129.7559,40.66792,98.77998,30.08259,0.16746616,0.16746616,5195.293792724609,103.9058758544922,-5195.293746948242,0.1984918263554573,0.2836448471156918
31,1635425,13029,33,25,5,1,false,0,nan,50,180.77676,83.27901,83.27901,71.41888,71.41888,0.4617765,0.4617765,6159.503616333008,123.19007232666016,-6159.5035400390625,0.18402077727019786,0.21942112328750746
32,1673953,13303,73,25,5,1,false,0,nan,50,371.9239,261.6106,60.5429,106.421326,33.56031,0.26297998,0.25237894,9647.021850585938,192.94043701171876,-9647.021800994873,0.3345270308107138,0.40815250320854235
33,1715193,13586,36,25,5,1,false,0,nan,50,74.49926,78.27218,59.777935,74.608765,41.591072,0.06663036,0.06663036,4929.028591156006,98.58057182312012,-4929.028602600098,0.1703471309505403,0.23287014492160205
34,1768148,14033,88,25,5,1,false,0,nan,50,291.4219,304.0343,100.52904,53.47219,40.50751,0.10574913,0.10574913,11875.238761901855,237.5047752380371,-11875.238731384277,0.21057621147483588,0.24843765909270366
35,1775707,14108,36,25,5,1,false,1,22.0,22,219.38782,145.37747,104.90945,17.90639,17.90639,0.08604646,0.0044128895,4003.9861450195312,181.9993702281605,-4003.9861068725586,0.365759628740224,0.25052573070639655
36,1805134,14327,28,25,5,1,false,0,nan,50,129.9213,195.55772,87.94744,169.39319,76.3277,0.3114121,0.010656118,11081.215225219727,221.62430450439453,-11081.215385437012,0.1985031333565712,0.23528981820813247
37,1816074,14432,48,25,5,1,false,1,7.0,7,192.79257,192.86642,124.94808,18.2921,18.2921,0.10725522,0.09274268,1228.3289260864258,175.47556086948939,-1228.3289184570312,0.2344170446906771,0.2552590991059939
38,1823057,14474,99,25,5,1,false,0,nan,50,243.27267,141.58545,35.871456,47.67597,25.11934,0.09072423,0.016032934,5916.390872955322,118.32781745910644,-5916.391044616699,0.17278262693434954,0.1987848746286211
39,1832757,14526,127,25,5,1,false,0,nan,50,201.75465,161.68556,70.04176,129.64879,60.777206,0.07941985,0.07941985,7574.691833496094,151.49383666992188,-7574.6919021606445,0.23712994419038297,0.25028087365992213
40,1920151,15277,43,25,5,1,false,0,nan,50,106.75308,84.09844,60.033047,65.21665,32.8483,0.041071177,0.016741037,5884.924415588379,117.69848831176758,-5884.924415588379,0.19367110520601272,0.2141861160646896
41,1933213,15435,20,25,5,1,false,0,nan,50,185.01952,128.43556,58.397575,63.47501,50.14699,0.019713402,0.019713402,6137.726524353027,122.75453048706055,-6137.726428985596,0.17869990557432175,0.2267461310387874
42,1962501,15701,34,25,5,1,false,0,nan,50,245.11049,145.57812,138.92123,138.30388,132.75775,0.9342005,0.9276364,9604.801177978516,192.0960235595703,-9604.80143737793,0.20065871872007846,0.20750367550217375
43,2005034,16015,138,25,5,1,false,1,34.0,34,469.73764,152.81221,91.27355,16.161627,16.161627,0.0,0.0,6959.006492614746,204.67666154749253,-6959.00651550293,0.37063294884693976,0.4858496737751094
44,2005681,16019,73,25,5,1,false,1,9.0,9,285.90512,303.37274,207.50296,17.59083,17.59083,0.22287774,0.22287774,2477.591552734375,275.28795030381946,-2477.591598510742,0.24857862128151786,0.2795753162354231
45,2069995,16400,0,25,5,1,false,0,nan,50,182.25975,160.6821,109.09824,106.7262,104.64241,0.004714489,0.004714489,9027.169876098633,180.54339752197265,-9027.169960021973,0.20147314570844174,0.24895367600327853
46,2083087,16532,36,25,5,1,false,0,nan,50,182.71317,113.829056,108.867966,86.93998,78.13995,0.1475277,0.1475277,8866.848510742188,177.33697021484375,-8866.84848022461,0.26452578127384185,0.3164850339597585
47,2164265,17264,10,25,5,1,false,1,46.0,46,305.70963,138.78517,62.76236,19.526619,19.526619,0.04722166,0.045406103,9420.536140441895,204.7942639226499,-9420.536079406738,0.30107110722557356,0.2815624553296301
48,2263298,17939,41,25,5,1,false,0,nan,50,242.18587,280.10037,70.858734,98.18391,60.731113,0.29485893,0.29485893,7690.688735961914,153.81377471923827,-7690.688766479492,0.1983059498667717,0.21490884376499725
49,2275347,18054,22,25,5,1,false,0,nan,50,233.26695,114.526634,27.139376,26.379147,26.23205,0.3953507,0.3702414,5299.167804718018,105.98335609436035,-5299.167747497559,0.1910630252212286,0.21638967195639805
0,150187,1235,36,25,5,2,true,1,30.0,30,229.72131,151.76242,46.033714,16.620667,16.620667,0.2016716,0.19890523,4444.843189239502,148.16143964131672,-4444.843154907227,0.3259694917748372,0.3776933856565377
1,159883,1316,129,25,5,2,true,1,25.0,25,98.6348,52.46954,52.46954,17.910091,17.910091,0.0196774,0.0111198425,4670.6836585998535,186.82734634399415,-4670.683631896973,0.34193472146987913,0.33416890166699886
2,201656,1639,40,25,5,2,true,0,nan,50,203.44919,75.114395,56.865566,40.600628,37.040913,0.32584047,0.3257959,6980.136302947998,139.60272605895997,-6980.136428833008,0.22424436219036578,0.255140127272022
3,209210,1694,59,25,5,2,true,0,nan,50,225.51054,322.92026,97.94643,274.9877,39.272507,0.35704398,0.024899721,16145.074310302734,322.9014862060547,-16145.074348449707,0.6615865476429462,0.616195310135277
4,216281,1761,19,25,5,2,true,0,nan,50,224.51173,165.2519,80.75243,82.027885,63.213478,0.16975093,0.16975093,7154.198196411133,143.08396392822266,-7154.198173522949,0.20280146598815918,0.24865923586244487
5,221571,1820,13,25,5,2,true,0,nan,50,311.6959,102.157616,44.79632,75.23752,27.809202,0.36061096,0.36061096,9183.549621582031,183.67099243164063,-9183.549671173096,0.3193273013830185,0.35499610706251494
6,305393,2635,114,25,5,2,true,1,35.0,35,115.23367,130.34547,60.98144,11.336434,11.336434,0.0052890778,0.0020830631,5321.426700592041,152.04076287405832,-5321.426746368408,0.30861691420099563,0.38298248433891463
7,388512,3184,115,25,5,2,true,0,nan,50,156.09914,63.722137,63.722137,56.34712,39.469116,0.009015799,0.009015799,6487.0548095703125,129.74109619140626,-6487.054882049561,0.2427909018099308,0.28001366015903806
8,429216,3517,2,25,5,2,true,0,nan,50,217.99022,133.14542,49.52898,38.066216,25.181425,0.1212163,0.1212163,9821.650970458984,196.43301940917968,-9821.65107345581,0.32410995453596114,0.3718896416985259
9,472611,3838,133,25,5,2,true,0,nan,50,112.600464,201.66429,67.15303,82.726234,46.130363,0.0076475143,0.0058176517,8438.76301574707,168.77526031494142,-8438.763069152832,0.32258854612708093,0.38262144879114873
10,532318,4299,20,25,5,2,true,0,nan,50,214.71747,238.87062,141.83821,159.54836,97.196365,3.0412989,1.9004252,14150.416748046875,283.0083349609375,-14150.416732788086,0.6040991747379303,0.8270495345397871
11,645504,5123,126,25,5,2,true,0,nan,50,110.95881,235.6902,36.429623,32.63599,21.429213,0.051629066,0.0058271885,6931.2861976623535,138.62572395324707,-6931.286109924316,0.2884641434252262,0.3181285827743764
12,829098,6651,49,25,5,2,true,0,nan,50,141.55779,229.58363,52.6545,109.08783,20.57242,0.22881198,0.001957655,10496.199726104736,209.92399452209472,-10496.199893951416,0.42205031380057334,0.5327413968589841
13,867812,6983,65,25,5,2,true,1,23.0,23,164.75528,230.12373,97.02586,5.3468714,5.3468714,0.067227125,0.067227125,4015.5232467651367,174.58796725065812,-4015.5232315063477,0.2224953149485847,0.25254372354935517
14,941649,7572,117,25,5,2,true,0,nan,50,244.9248,186.79675,53.780315,41.38805,41.38805,0.0093102455,0.0093102455,7826.49178314209,156.5298356628418,-7826.491847991943,0.35794227436184883,0.4601183659111967
15,1015425,8235,10,25,5,2,true,0,nan,50,291.81088,213.72789,78.38567,67.71413,35.46203,0.31973195,0.008777142,11168.316177368164,223.3663235473633,-11168.316299438477,0.43225390687584875,0.42965811164099343
16,1028336,8313,130,25,5,2,true,0,nan,50,257.71283,156.95056,52.7358,32.531136,23.912046,0.07606602,0.0052382946,9815.690711975098,196.31381423950197,-9815.690734863281,0.31043755322694777,0.3240458081115265
17,1038328,8373,102,25,5,2,true,0,nan,50,268.93643,471.5459,138.64413,135.77592,68.827545,0.538821,0.11780858,16978.613021850586,339.5722604370117,-16978.61309814453,0.637899425625801,0.8696209754870863
18,1043460,8408,89,25,5,2,true,1,35.0,35,165.97649,336.65118,100.799866,14.740701,14.740701,0.09331155,0.0027770996,9975.511238098145,285.0146068028041,-9975.511306762695,0.5973997959068843,0.7477205904091105
19,1054182,8486,37,25,5,2,true,1,24.0,24,130.55582,260.9898,122.84526,4.3539753,4.3539753,0.13412285,0.055179358,4913.749267578125,204.73955281575522,-4913.749183654785,0.380896403764685,0.3408239191479009
20,1054375,8488,20,25,5,2,true,0,nan,50,202.3323,151.4413,69.2165,86.419205,58.25661,0.06565881,0.06565881,9908.660209655762,198.17320419311523,-9908.660247802734,0.3940059641376138,0.6175095869266257
21,1175223,9591,26,25,5,2,true,0,nan,50,152.71135,348.2566,59.87881,157.48053,22.847622,0.6007557,0.6007557,9642.4426612854,192.848853225708,-9642.442729949951,0.433365186471492,0.4132108776545038
22,1206117,9864,51,25,5,2,true,0,nan,50,83.640465,71.9822,68.46525,61.92769,28.451162,0.07569337,0.010169268,8235.533851623535,164.7106770324707,-8235.533882141113,0.34395079061388967,0.33728956241084607
23,1237215,10117,136,25,5,2,true,0,nan,50,55.33609,195.83612,49.273212,37.096325,24.72758,0.2871697,0.004573822,7120.722930908203,142.41445861816408,-7120.722953796387,0.3073726934194565,0.3245729751580832
24,1279178,10378,28,25,5,2,true,0,nan,50,177.95279,49.829205,49.829205,49.046497,45.509693,0.2967372,0.2967372,6346.860263824463,126.93720527648925,-6346.860233306885,0.2524461791850626,0.3458291869610548
25,1299073,10489,33,25,5,2,true,0,nan,50,143.4154,142.29947,53.12828,91.71439,42.537266,0.07559466,0.07471228,7354.945724487305,147.0989144897461,-7354.945789337158,0.2834862029179931,0.3327028205504223
26,1475335,11775,26,25,5,2,true,0,nan,50,268.7706,122.78211,47.93391,44.485085,26.478888,0.16915464,0.16915464,6876.74446105957,137.5348892211914,-6876.744453430176,0.26455203667283056,0.3219076443691643
27,1504936,12047,95,25,5,2,true,0,nan,50,138.76318,134.55142,70.959755,84.44132,52.267532,0.047394276,0.047394276,6245.1042404174805,124.90208480834961,-6245.104217529297,0.2119570278376341,0.24837108522805632
28,1529288,12221,47,25,5,2,true,0,nan,50,219.77599,230.63246,97.09581,100.59824,35.79387,0.005366564,0.0038421154,12971.666610717773,259.43333221435546,-12971.66641998291,0.46330125998705624,0.6512001079260087
29,1582219,12591,156,25,5,2,true,0,nan,50,103.032745,226.89934,86.43168,141.6569,31.43321,0.0,0.0,9123.380661010742,182.46761322021484,-9123.380798339844,0.3670002695918083,0.4567315899291817
30,1627802,12961,26,25,5,2,true,0,nan,50,122.18609,81.71559,56.044273,45.148197,38.943665,0.17624545,0.17624545,5614.452526092529,112.28905052185058,-5614.452507019043,0.22449259398505092,0.30133155581294274
31,1635425,13029,33,25,5,2,true,0,nan,50,180.77676,93.23747,84.00178,75.97429,61.16194,0.40032125,0.40032125,8560.904609680176,171.21809219360352,-8560.904579162598,0.33527241326868534,0.42087207278426814
32,1673953,13303,73,25,5,2,true,0,nan,50,371.9239,128.62856,78.8252,110.68128,45.77456,0.26297998,0.25237894,12927.331970214844,258.54663940429685,-12927.33196258545,0.5731877192482352,0.835083607584238
33,1715193,13586,36,25,5,2,true,0,nan,50,74.49926,90.70547,61.582237,69.25799,35.329903,0.10798669,0.10798669,5456.413635253906,109.12827270507813,-5456.413654327393,0.2201160707511008,0.3183946717454463
34,1768148,14033,88,25,5,2,true,0,nan,50,291.4219,196.09729,101.73006,53.71125,31.406868,0.0005903244,0.0005903244,12260.486221313477,245.20972442626953,-12260.486358642578,0.29487606063485144,0.3595264792746427
35,1775707,14108,36,25,5,2,true,0,nan,50,219.38782,145.5555,53.96519,87.3032,49.89257,0.14536786,0.13629293,10642.734561920166,212.85469123840332,-10642.734432220459,0.4294591227173805,0.49685364687929345
36,1805134,14327,28,25,5,2,true,0,nan,50,129.9213,266.59436,86.566956,132.22203,37.171413,0.14988494,0.056619406,10427.802742004395,208.55605484008788,-10427.802764892578,0.40794120079837737,0.4482816497282106
37,1816074,14432,48,25,5,2,true,1,8.0,8,192.79257,148.99022,93.89721,18.95471,18.95471,0.108649254,0.10335851,1334.1621170043945,166.77026462554932,-1334.162124633789,0.223747992888093,0.22226870485714503
38,1823057,14474,99,25,5,2,true,1,25.0,25,243.27267,255.89311,84.201294,14.441848,14.441848,0.059964657,0.001108408,4050.513572692871,162.02054290771486,-4050.513626098633,0.2540220241993666,0.26182697527110577
39,1832757,14526,127,25,5,2,true,0,nan,50,201.75465,127.03553,45.658936,44.16515,20.278082,0.17228389,0.055825472,8650.481922149658,173.00963844299315,-8650.48190689087,0.353103225659579,0.4022796743986558
40,1920151,15277,43,25,5,2,true,1,23.0,23,106.75308,173.84352,57.94275,10.249129,10.249129,0.0023543835,0.0023543835,3289.46382522583,143.02016631416652,-3289.4638481140137,0.3277473350905854,0.37316019663756544
41,1933213,15435,20,25,5,2,true,0,nan,50,185.01952,118.17559,48.52959,49.594604,34.771477,0.049614668,0.049614668,7078.0073318481445,141.56014663696288,-7078.007289886475,0.2802260617911816,0.3728215139435262
42,1962501,15701,34,25,5,2,true,0,nan,50,245.11049,125.282684,106.23591,74.140465,74.140465,0.38397002,0.38397002,9928.866569519043,198.57733139038086,-9928.866455078125,0.3497085881233215,0.35666163870114453
43,2005034,16015,138,25,5,2,true,1,42.0,42,469.73764,281.14618,38.79088,16.272087,16.272087,0.0,0.0,8275.156700134277,197.02754047938757,-8275.156631469727,0.38123659541209537,0.46240536768625423
44,2005681,16019,73,25,5,2,true,1,9.0,9,285.90512,273.7002,207.50296,16.405287,16.405287,0.22287774,0.22287774,2457.4183197021484,273.0464799669054,-2457.4183959960938,0.2413121983408928,0.3177726175636053
45,2069995,16400,0,25,5,2,true,0,nan,50,182.25975,165.36548,72.45435,76.464874,46.9452,0.004714489,0.004714489,9548.540740966797,190.97081481933594,-9548.540618896484,0.3298588902503252,0.440853336179743
46,2083087,16532,36,25,5,2,true,1,45.0,45,182.71317,181.80098,84.66326,5.733594,5.733594,0.03598833,0.03598833,8831.786712646484,196.26192694769966,-8831.7866897583,0.3812347940272755,0.4253883720798926
47,2164265,17264,10,25,5,2,true,0,nan,50,305.70963,405.82913,91.8644,206.77791,24.391771,0.21607924,0.016561985,16983.444038391113,339.66888076782226,-16983.44409942627,0.6929571962356568,0.7173648855211784
48,2263298,17939,41,25,5,2,true,0,nan,50,242.18587,274.53574,65.84649,71.745224,20.195417,0.2506404,0.2506404,9227.743423461914,184.55486846923827,-9227.743347167969,0.33936826035380363,0.45484944585026527
49,2275347,18054,22,25,5,2,true,0,nan,50,233.26695,209.32301,72.71745,164.09094,49.9893,1.864589,0.6875746,8686.321823120117,173.72643646240235,-8686.321784973145,0.31730837854556737,0.3289634608948717
0,150187,1235,36,25,5,2,false,1,15.0,15,229.72131,104.23782,51.032017,10.003298,10.003298,0.25191522,0.25191522,2220.802257537842,148.05348383585613,-2220.8022956848145,0.29979846651355424,0.2496891330395426
1,159883,1316,129,25,5,2,false,0,nan,50,98.6348,90.43857,71.62723,58.97325,58.97325,0.0196774,0.0111198425,7150.1706619262695,143.00341323852538,-7150.170631408691,0.20364420276135206,0.208246720992789
2,201656,1639,40,25,5,2,false,0,nan,50,203.44919,68.99263,61.75892,56.255253,56.255253,0.392946,0.392946,6439.612846374512,128.79225692749023,-6439.6129150390625,0.16223477725870908,0.17333016400130427
3,209210,1694,59,25,5,2,false,0,nan,50,225.51054,159.62941,56.43993,112.51627,25.986101,0.02980876,0.02980876,8943.40832901001,178.86816658020018,-8943.408142089844,0.256876177713275,0.23989256404872453
4,216281,1761,19,25,5,2,false,0,nan,50,224.51173,134.37914,91.14583,95.7264,82.32585,0.28325725,0.28325725,7357.421234130859,147.1484246826172,-7357.421295166016,0.1667505001462996,0.20400162976311179
5,221571,1820,13,25,5,2,false,0,nan,50,311.6959,66.229675,51.43335,39.210136,39.210136,0.3341875,0.3341875,7386.003360748291,147.7200672149658,-7386.003326416016,0.2058332598954439,0.22205232137015887
6,305393,2635,114,25,5,2,false,0,nan,50,115.23367,111.70054,45.789894,58.880737,37.86456,0.0052890778,0.0020830631,5993.0805740356445,119.8616114807129,-5993.080589294434,0.20924463335424662,0.3013965660820202
7,388512,3184,115,25,5,2,false,0,nan,50,156.09914,136.36678,91.90566,91.36788,86.05752,0.009015799,0.009015799,6232.8080978393555,124.65616195678712,-6232.808212280273,0.16921045154333114,0.20618814305991542
8,429216,3517,2,25,5,2,false,0,nan,50,217.99022,80.57395,80.57395,65.691246,65.691246,0.15305519,0.15305519,9957.917510986328,199.15835021972657,-9957.917472839355,0.24451604135334493,0.24937221141798155
9,472611,3838,133,25,5,2,false,1,37.0,37,112.600464,81.249535,50.879173,16.201487,16.201487,0.095705986,0.0012426376,5318.802978515625,143.75143185177365,-5318.803035736084,0.271928508237407,0.29586657209114897
10,532318,4299,20,25,5,2,false,0,nan,50,214.71747,196.48302,101.78383,68.355705,68.355705,2.730675,1.9004252,9898.25545501709,197.9651091003418,-9898.255409240723,0.346144582182169,0.38382862291621916
11,645504,5123,126,25,5,2,false,0,nan,50,110.95881,171.03296,74.81434,110.78325,68.46174,1.62708,0.001582861,6792.582069396973,135.85164138793945,-6792.582015991211,0.22608101539313794,0.21310030775410788
12,829098,6651,49,25,5,2,false,1,12.0,12,141.55779,191.177,52.6545,19.07861,19.07861,0.004081011,0.001957655,1609.8839836120605,134.15699863433838,-1609.8840255737305,0.2978066951036453,0.26348795064470987
13,867812,6983,65,25,5,2,false,1,32.0,32,164.75528,198.51923,65.95975,18.397614,18.397614,0.19275832,0.19275832,4718.257232666016,147.445538520813,-4718.25724029541,0.1780284306150861,0.2077083070912669
14,941649,7572,117,25,5,2,false,0,nan,50,244.9248,113.05393,61.130253,51.824944,38.760365,0.23870158,0.23870158,6201.815349578857,124.03630699157715,-6201.815372467041,0.2599567276239395,0.33338988967696015
15,1015425,8235,10,25,5,2,false,0,nan,50,291.81088,191.79152,136.7608,168.30948,102.38607,0.008777142,0.008777142,11013.06118774414,220.26122375488282,-11013.061309814453,0.2506325901672244,0.2924542024408524
16,1028336,8313,130,25,5,2,false,1,37.0,37,257.71283,82.52973,42.81103,12.912817,12.912817,0.07791877,0.003863573,6904.515377044678,186.6085237039102,-6904.515377044678,0.2807443510438945,0.28738398518827224
17,1038328,8373,102,25,5,2,false,0,nan,50,268.93643,323.11774,173.6576,103.44706,103.44706,0.19735527,0.11780858,14806.205764770508,296.12411529541015,-14806.205642700195,0.41864782840013504,0.5117758840930705
18,1043460,8408,89,25,5,2,false,1,31.0,31,165.97649,242.87698,79.70773,13.034411,13.034411,0.025586605,0.0027770996,6272.627098083496,202.34280961559665,-6272.627098083496,0.352502501058963,0.39582546645154554
19,1054182,8486,37,25,5,2,false,0,nan,50,130.55582,204.93874,129.4558,131.04814,94.84754,0.055134296,0.055134296,8994.873596191406,179.89747192382814,-8994.873458862305,0.21313192047178744,0.2013807448615529
20,1054375,8488,20,25,5,2,false,0,nan,50,202.3323,179.78911,66.48182,72.73219,60.554333,0.10148406,0.10139322,7030.478759765625,140.6095751953125,-7030.478813171387,0.17370740462094544,0.20750607050271058
21,1175223,9591,26,25,5,2,false,0,nan,50,152.71135,208.7096,52.574944,186.27576,18.053484,0.6007557,0.6007557,7784.512889862061,155.6902577972412,-7784.512828826904,0.27966246247291565,0.30906548487896823
22,1206117,9864,51,25,5,2,false,0,nan,50,83.640465,84.07508,61.02942,58.113285,57.40748,0.055734873,0.0047175884,6304.553291320801,126.09106582641601,-6304.553352355957,0.20975324667990208,0.25060299525455554
23,1237215,10117,136,25,5,2,false,0,nan,50,55.33609,131.52588,49.272953,70.19118,45.085674,0.1354537,0.13513017,5259.6286544799805,105.1925730895996,-5259.628875732422,0.16947315104305744,0.2234664270464255
24,1279178,10378,28,25,5,2,false,0,nan,50,177.95279,75.48277,53.875153,51.85118,46.654263,0.36920667,0.35913873,5310.004974365234,106.20009948730468,-5310.005035400391,0.19124906398355962,0.25121830046481014
25,1299073,10489,33,25,5,2,false,0,nan,50,143.4154,64.627975,55.86071,53.298805,36.388924,0.07559466,0.07471228,5834.145847320557,116.68291694641113,-5834.145847320557,0.21292805708944798,0.258645343461207
26,1475335,11775,26,25,5,2,false,0,nan,50,268.7706,184.96306,70.74825,79.71051,58.37757,0.34594297,0.34594297,6739.690734863281,134.79381469726562,-6739.690757751465,0.2068068263679743,0.23932708727614005
27,1504936,12047,95,25,5,2,false,0,nan,50,138.76318,122.84861,70.959755,65.786285,53.392902,0.05592084,0.05592084,5926.31266784668,118.5262533569336,-5926.3128662109375,0.18587072886526584,0.22363566736481627
28,1529288,12221,47,25,5,2,false,0,nan,50,219.77599,240.05605,97.09581,108.799515,48.380238,0.07344127,0.07344127,13221.604751586914,264.4320950317383,-13221.604637145996,0.3347143279761076,0.41474033283944034
29,1582219,12591,156,25,5,2,false,0,nan,50,103.032745,157.85457,86.43168,129.20001,31.43321,0.0,0.0,8400.431533813477,168.00863067626952,-8400.431694030762,0.24951721161603926,0.25887349992990494
30,1627802,12961,26,25,5,2,false,1,17.0,17,122.18609,67.40521,38.488716,19.186174,19.186174,0.1258111,0.1258111,1599.7487564086914,94.10286802404067,-1599.7487564086914,0.20076255505794988,0.23923881398513913
31,1635425,13029,33,25,5,2,false,0,nan,50,180.77676,79.31016,79.31016,76.97315,76.97315,0.44510007,0.44510007,6798.43132019043,135.9686264038086,-6798.43115234375,0.1985735660791397,0.1987018506517824
32,1673953,13303,73,25,5,2,false,0,nan,50,371.9239,202.80246,68.020966,140.11247,53.24431,0.26297998,0.25237894,10129.682556152344,202.59365112304687,-10129.682556152344,0.36766791861504317,0.437260058090775
33,1715193,13586,36,25,5,2,false,0,nan,50,74.49926,76.75265,40.889786,51.178783,36.054485,0.11372733,0.11372733,4263.000137329102,85.26000274658203,-4263.000183105469,0.1555176054686308,0.2256137613891339
34,1768148,14033,88,25,5,2,false,0,nan,50,291.4219,135.78844,135.78844,45.340263,45.340263,0.21231699,0.21231699,11825.312530517578,236.50625061035157,-11825.312515258789,0.1969323344528675,0.2078434893177176
35,1775707,14108,36,25,5,2,false,0,nan,50,219.38782,35.332657,35.332657,33.421707,20.363787,0.16138959,0.020832062,8582.81226348877,171.65624526977538,-8582.812313079834,0.2975714997202158,0.30162318890952333
36,1805134,14327,28,25,5,2,false,0,nan,50,129.9213,175.85643,87.94744,133.60258,76.3277,0.33124328,0.022001505,8424.417808532715,168.4883561706543,-8424.41781616211,0.19687667205929757,0.2486508195573578
37,1816074,14432,48,25,5,2,false,1,8.0,8,192.79257,148.99022,93.89721,18.95471,18.95471,0.108649254,0.10335851,1334.1621170043945,166.77026462554932,-1334.162124633789,0.223747992888093,0.22226870485714503
38,1823057,14474,99,25,5,2,false,0,nan,50,243.27267,100.84378,59.59439,86.76263,57.99911,0.24982238,0.062074184,6534.570556640625,130.6914111328125,-6534.570640563965,0.18600254211574793,0.24632007294163413
39,1832757,14526,127,25,5,2,false,0,nan,50,201.75465,68.117546,32.60854,43.835186,25.688108,0.34321547,0.14087296,6185.941562652588,123.71883125305176,-6185.941566467285,0.2095128887705505,0.22626183174398481
40,1920151,15277,43,25,5,2,false,0,nan,50,106.75308,162.79008,47.660225,38.653454,29.997692,0.046193838,0.029841185,5462.216575622559,109.24433151245117,-5462.21662902832,0.1975623077340424,0.23647437172428687
41,1933213,15435,20,25,5,2,false,0,nan,50,185.01952,70.2942,70.2942,65.912735,50.251854,0.0523901,0.0523901,6554.272590637207,131.08545181274414,-6554.272514343262,0.20848861718550324,0.2794903815837995
42,1962501,15701,34,25,5,2,false,0,nan,50,245.11049,266.3187,99.653595,126.67836,97.962265,0.82260394,0.82260394,8660.732963562012,173.21465927124024,-8660.732894897461,0.2752440000325441,0.30321389489940237
43,2005034,16015,138,25,5,2,false,0,nan,50,469.73764,221.37778,44.102818,30.543552,30.543552,0.0,0.0,9444.606262207031,188.89212524414063,-9444.606174468994,0.31742709904909133,0.3785559697722902
44,2005681,16019,73,25,5,2,false,1,9.0,9,285.90512,273.7002,207.50296,16.405287,16.405287,0.22287774,0.22287774,2457.4183197021484,273.0464799669054,-2457.4183959960938,0.2413121983408928,0.3177726175636053
45,2069995,16400,0,25,5,2,false,0,nan,50,182.25975,147.60867,106.02568,104.358086,98.62109,0.004714489,0.004714489,9334.430503845215,186.6886100769043,-9334.430526733398,0.22731119856238366,0.27861106395721436
46,2083087,16532,36,25,5,2,false,0,nan,50,182.71317,92.18912,84.21572,74.95111,74.95111,0.1475277,0.1475277,8605.800048828125,172.1160009765625,-8605.800003051758,0.25535430923104285,0.30751828872123543
47,2164265,17264,10,25,5,2,false,1,40.0,40,305.70963,185.20894,60.21856,15.633089,15.633089,0.045406103,0.045406103,8857.031440734863,221.42578601837158,-8857.031482696533,0.33064820561558006,0.3246627203547038
48,2263298,17939,41,25,5,2,false,0,nan,50,242.18587,159.79912,101.48462,107.7974,97.83745,0.51158404,0.51158404,8876.272033691406,177.52544067382811,-8876.271949768066,0.17218633089214563,0.2315241026939178
49,2275347,18054,22,25,5,2,false,0,nan,50,233.26695,84.820114,54.392067,62.028824,44.169437,1.0471659,0.68775964,5406.544746398926,108.13089492797852,-5406.544647216797,0.1846874935925007,0.1842001216600136
0,150187,1235,36,25,5,3,true,0,nan,50,229.72131,172.84378,54.393272,87.2294,24.83523,0.31794858,0.2775638,6778.085403442383,135.56170806884765,-6778.085411071777,0.2892139059305191,0.27129170154126325
1,159883,1316,129,25,5,3,true,1,45.0,45,98.6348,41.20978,37.16685,19.776608,19.776608,0.0196774,0.0111198425,6499.529754638672,144.43399454752605,-6499.529762268066,0.26533289063307974,0.2663530817424709
2,201656,1639,40,25,5,3,true,0,nan,50,203.44919,136.69481,48.168476,44.24847,42.042458,0.16351843,0.16351843,6035.769535064697,120.71539070129394,-6035.769645690918,0.19517157938331364,0.2511206651676674
3,209210,1694,59,25,5,3,true,0,nan,50,225.51054,64.75398,60.3876,45.250385,26.137787,0.070091724,0.070091724,9073.290859222412,181.46581718444824,-9073.2907371521,0.3428437519073486,0.347141083786074
4,216281,1761,19,25,5,3,true,0,nan,50,224.51173,94.95737,45.628525,34.175987,25.229452,0.053861856,0.03157425,6316.767761230469,126.33535522460937,-6316.7677574157715,0.171666166074574,0.2041491573030243
5,221571,1820,13,25,5,3,true,0,nan,50,311.6959,161.073,51.165974,44.92344,38.475346,0.31994438,0.31994438,7903.7980880737305,158.07596176147462,-7903.798034667969,0.24948157273232938,0.3009298340398438
6,305393,2635,114,25,5,3,true,1,40.0,40,115.23367,185.998,54.744522,19.465986,19.465986,0.0052890778,0.0020830631,4964.617568969727,124.11543922424316,-4964.617588043213,0.2328505101148039,0.2811664473743011
7,388512,3184,115,25,5,3,true,0,nan,50,156.09914,80.45729,49.144966,78.708954,43.509407,0.009015799,0.009015799,5614.034580230713,112.28069160461426,-5614.034606933594,0.2091719487681985,0.20734738033949113
8,429216,3517,2,25,5,3,true,1,30.0,30,217.99022,89.61991,89.61991,16.438383,16.438383,0.07019663,0.07019663,6658.445442199707,221.94818140665691,-6658.445556640625,0.36749448380433025,0.3979303528522623
9,472611,3838,133,25,5,3,true,1,39.0,39,112.600464,47.72217,47.72217,18.442245,18.442245,0.0076475143,0.0058176517,6156.6402015686035,157.86256927098984,-6156.640148162842,0.2957898671619403,0.3751871553494742
10,532318,4299,20,25,5,3,true,0,nan,50,214.71747,334.0146,93.72898,82.62307,78.56735,2.7686598,1.9004252,11909.958190917969,238.19916381835938,-11909.958152770996,0.4653478705137968,0.6193394115080639
11,645504,5123,126,25,5,3,true,1,25.0,25,110.95881,110.94014,83.54461,18.792612,18.792612,0.17260218,0.0058271885,3862.419563293457,154.4967825317383,-3862.4195098876953,0.2773932632803917,0.28229189695169526
12,829098,6651,49,25,5,3,true,1,36.0,36,141.55779,374.78918,46.770382,19.85206,19.85206,0.004081011,0.001957655,7019.651504516602,194.9903195699056,-7019.651473999023,0.4150331643306547,0.4826452815106937
13,867812,6983,65,25,5,3,true,1,21.0,21,164.75528,195.38919,106.836754,12.731703,12.731703,0.19639182,0.19639182,3673.7253036499023,174.93930017380487,-3673.7253646850586,0.2085575448083026,0.19533557314425706
14,941649,7572,117,25,5,3,true,0,nan,50,244.9248,521.13025,66.42044,108.82545,38.907322,0.64231277,0.2165463,8995.74234008789,179.91484680175782,-8995.742324829102,0.42851782515645026,0.5606125807579683
15,1015425,8235,10,25,5,3,true,0,nan,50,291.81088,185.31628,72.13118,105.62988,25.491903,0.026729822,0.008777142,9800.387603759766,196.0077520751953,-9800.387619018555,0.34822383273392915,0.3681578244253689
16,1028336,8313,130,25,5,3,true,1,28.0,28,257.71283,41.03664,41.03664,19.958063,19.958063,0.14107156,0.0031969547,5644.897487640381,201.60348170144218,-5644.8975257873535,0.2765000984737916,0.23482882369447639
17,1038328,8373,102,25,5,3,true,0,nan,50,268.93643,282.9861,105.383865,128.16814,58.160187,0.044975758,0.0170753,14438.111312866211,288.76222625732424,-14438.111236572266,0.49528600394725797,0.6328649390108732
18,1043460,8408,89,25,5,3,true,1,24.0,24,165.97649,206.31757,127.11043,19.892233,19.892233,0.025586605,0.0027770996,5729.639465332031,238.73497772216797,-5729.639511108398,0.42986132949590683,0.5552539096578307
19,1054182,8486,37,25,5,3,true,1,25.0,25,130.55582,102.64389,89.51415,9.086426,9.086426,0.1682055,0.055134296,4909.598983764648,196.38395935058594,-4909.598976135254,0.3747878074645996,0.30703146072725457
20,1054375,8488,20,25,5,3,true,0,nan,50,202.3323,286.80103,75.13737,71.15499,31.651188,0.09553385,0.09553385,8402.772720336914,168.05545440673828,-8402.772651672363,0.2980575905367732,0.3744902141316205
21,1175223,9591,26,25,5,3,true,0,nan,50,152.71135,169.01526,57.992348,98.171425,21.753002,0.6007557,0.6007557,7307.180740356445,146.1436148071289,-7307.18070602417,0.3060149539634585,0.423656235772128
22,1206117,9864,51,25,5,3,true,1,34.0,34,83.640465,120.157036,56.46842,17.222893,17.222893,0.22897863,0.010169268,5714.856876373291,168.08402577568503,-5714.856876373291,0.3394066705642378,0.29461007926500205
23,1237215,10117,136,25,5,3,true,0,nan,50,55.33609,102.52139,45.96099,60.3906,31.611448,0.27444434,0.077688694,6177.5935707092285,123.55187141418457,-6177.593585968018,0.25718848932534455,0.26566200969474657
24,1279178,10378,28,25,5,3,true,0,nan,50,177.95279,152.50336,33.374516,52.148422,21.262754,0.13192439,0.13192439,5037.090507507324,100.74181015014648,-5037.0905685424805,0.20100427765399217,0.2618727337340919
25,1299073,10489,33,25,5,3,true,1,30.0,30,143.4154,131.97256,39.746685,19.47017,19.47017,0.0121667385,0.0121667385,4292.437313079834,143.0812437693278,-4292.437358856201,0.27020664339264233,0.27217838938893946
26,1475335,11775,26,25,5,3,true,0,nan,50,268.7706,109.82872,52.32381,42.902245,30.62689,0.16378927,0.15717983,6579.226425170898,131.58452850341797,-6579.2263832092285,0.2429066746868193,0.3091741629248979
27,1504936,12047,95,25,5,3,true,1,25.0,25,138.76318,139.4639,61.8634,11.917226,11.917226,0.010626078,0.010626078,3063.538677215576,122.54154708862305,-3063.538688659668,0.22410001643002034,0.24252944129208723
28,1529288,12221,47,25,5,3,true,0,nan,50,219.77599,291.14276,53.123024,99.39198,48.380238,0.019920826,0.019920826,12822.852478027344,256.45704956054686,-12822.852432250977,0.44289122968912126,0.652700641097463
29,1582219,12591,156,25,5,3,true,0,nan,50,103.032745,237.33804,68.25239,131.04826,31.43321,0.0,0.0,7610.273414611816,152.20546829223633,-7610.2734451293945,0.3075781162083149,0.4147231124189435
30,1627802,12961,26,25,5,3,true,0,nan,50,122.18609,91.56398,42.114914,83.39746,25.200546,0.14396715,0.14396715,4667.484802246094,93.34969604492187,-4667.484897613525,0.1925253483094275,0.27166534500310613
31,1635425,13029,33,25,5,3,true,0,nan,50,180.77676,187.86339,62.660484,82.8165,60.26625,0.3357122,0.3357122,7819.2801513671875,156.38560302734376,-7819.280075073242,0.285129851475358,0.34411109185644556
32,1673953,13303,73,25,5,3,true,0,nan,50,371.9239,185.53218,78.8252,130.66634,48.126587,0.26297998,0.25237894,11946.56160736084,238.9312321472168,-11946.561569213867,0.5133717986941337,0.731848700542231
33,1715193,13586,36,25,5,3,true,1,24.0,24,74.49926,103.14612,56.243477,17.416824,17.416824,0.06578207,0.06578207,2333.607810974121,97.23365879058838,-2333.6077842712402,0.2028782395257925,0.23231454679499502
34,1768148,14033,88,25,5,3,true,1,50.0,50,291.4219,190.9192,104.96585,18.703663,18.703663,0.068469524,0.0043292046,11461.306640625,229.2261328125,-11461.306701660156,0.2349312411993742,0.26601918513069345
35,1775707,14108,36,25,5,3,true,0,nan,50,219.38782,138.58974,95.34975,109.3141,24.532185,0.11022115,0.018725634,9088.139213562012,181.76278427124024,-9088.139106750488,0.3476718883216381,0.3739177397623354
36,1805134,14327,28,25,5,3,true,0,nan,50,129.9213,210.32124,68.061584,77.84144,40.22139,0.04279065,0.022001505,8115.8461837768555,162.3169236755371,-8115.8461837768555,0.24231702663004398,0.27439529965726694
37,1816074,14432,48,25,5,3,true,1,8.0,8,192.79257,148.99022,93.89721,18.95471,18.95471,0.108649254,0.10335851,1334.1621170043945,166.77026462554932,-1334.162124633789,0.223747992888093,0.22226870485714503
38,1823057,14474,99,25,5,3,true,0,nan,50,243.27267,164.20422,44.15235,45.862316,33.066105,0.056180954,0.0037801266,6908.955215454102,138.17910430908202,-6908.9552574157715,0.23729440938681365,0.2401254715359941
39,1832757,14526,127,25,5,3,true,1,30.0,30,201.75465,50.445255,50.445255,19.738802,19.738802,0.21980762,0.14994788,5058.811824798584,168.62706082661947,-5058.811790466309,0.30338818033536274,0.3607328374838007
40,1920151,15277,43,25,5,3,true,1,25.0,25,106.75308,233.65099,57.94275,10.291505,10.291505,0.12141681,0.034359217,3775.724521636963,151.0289808654785,-3775.7245292663574,0.35153002947568895,0.4062951287875573
41,1933213,15435,20,25,5,3,true,1,46.0,46,185.01952,23.051779,23.051779,18.556211,18.556211,0.03052926,0.03052926,5894.799390792847,128.14781284332275,-5894.79923248291,0.2455639892217258,0.2992823887202475
42,1962501,15701,34,25,5,3,true,0,nan,50,245.11049,166.7657,102.58257,48.23946,48.23946,0.14270091,0.14270091,9773.276123046875,195.4655224609375,-9773.276069641113,0.3302437565475702,0.26384192256599054
43,2005034,16015,138,25,5,3,true,0,nan,50,469.73764,79.31346,44.74947,35.967518,23.162207,0.0,0.0,8888.76093673706,177.7752187347412,-8888.760967254639,0.32291244143620135,0.39257552596379297
44,2005681,16019,73,25,5,3,true,1,9.0,9,285.90512,273.7002,207.50296,16.405287,16.405287,0.22287774,0.22287774,2457.4183197021484,273.0464799669054,-2457.4183959960938,0.2413121983408928,0.3177726175636053
45,2069995,16400,0,25,5,3,true,0,nan,50,182.25975,82.74402,58.62959,60.737682,48.49634,0.004714489,0.004714489,8769.92979812622,175.3985959625244,-8769.929721832275,0.27842323688790205,0.34773116454254
46,2083087,16532,36,25,5,3,true,0,nan,50,182.71317,174.71951,69.5912,79.90872,62.990376,0.1475277,0.1475277,8002.542938232422,160.05085876464844,-8002.54288482666,0.26733442161232235,0.2941740054865273
47,2164265,17264,10,25,5,3,true,0,nan,50,305.70963,166.85854,66.37938,43.63392,23.005806,0.20760345,0.045406103,12135.422317504883,242.70844635009766,-12135.422317504883,0.43273047260940073,0.348555183152155
48,2263298,17939,41,25,5,3,true,0,nan,50,242.18587,88.46768,39.06448,43.440388,25.421314,0.17862749,0.17862749,7446.292274475098,148.92584548950197,-7446.292221069336,0.2408059525489807,0.33069511807086516
49,2275347,18054,22,25,5,3,true,0,nan,50,233.26695,262.25916,39.750587,83.33214,37.223286,1.0760832,0.6144872,6656.339694976807,133.12679389953612,-6656.339622497559,0.26672177847474815,0.29047683048613215
0,150187,1235,36,25,5,3,false,0,nan,50,229.72131,92.196365,37.881866,47.278748,31.055508,0.19960618,0.19960618,6478.785865783691,129.57571731567384,-6478.785850524902,0.27614442713558673,0.2822603307360289
1,159883,1316,129,25,5,3,false,0,nan,50,98.6348,69.40498,69.40498,49.008327,49.008327,0.0196774,0.0111198425,7210.637306213379,144.21274612426757,-7210.637321472168,0.21995565563440322,0.24039838037320546
2,201656,1639,40,25,5,3,false,0,nan,50,203.44919,90.91343,61.976887,65.01782,58.23895,0.3667214,0.3667214,5679.955684661865,113.5991136932373,-5679.955669403076,0.14099821984767913,0.16528823010015245
3,209210,1694,59,25,5,3,false,0,nan,50,225.51054,105.239456,49.0898,45.829002,25.866333,0.014609098,0.014609098,7585.963489532471,151.7192697906494,-7585.96337890625,0.2359701155126095,0.25373653489716197
4,216281,1761,19,25,5,3,false,0,nan,50,224.51173,109.901436,55.77034,67.16688,52.13592,0.14467955,0.14467955,6550.563659667969,131.0112731933594,-6550.56351852417,0.15310144368559123,0.1827364053425132
5,221571,1820,13,25,5,3,false,0,nan,50,311.6959,194.55318,44.470013,60.873592,33.072876,0.32044744,0.32044744,7593.418041229248,151.86836082458495,-7593.418060302734,0.20993581429123878,0.23772378562360394
6,305393,2635,114,25,5,3,false,0,nan,50,115.23367,71.78091,59.312553,37.95294,30.963715,0.0052890778,0.0020830631,6110.137317657471,122.20274635314941,-6110.137321472168,0.215391730023548,0.2807481177151203
7,388512,3184,115,25,5,3,false,0,nan,50,156.09914,95.53915,56.37014,78.16621,52.335346,0.009015799,0.009015799,5524.667095184326,110.49334190368653,-5524.6671142578125,0.1710060090571642,0.1960300255034651
8,429216,3517,2,25,5,3,false,1,46.0,46,217.99022,107.44809,49.339024,18.864779,18.864779,0.064027786,0.064027786,8329.732559204102,181.0811425913935,-8329.732719421387,0.26466734318629553,0.2878614038228989
9,472611,3838,133,25,5,3,false,0,nan,50,112.600464,184.78549,80.605034,69.78639,45.452847,0.056349754,0.0058176517,7272.510856628418,145.45021713256835,-7272.510681152344,0.24178851902484894,0.2757503053895673
10,532318,4299,20,25,5,3,false,0,nan,50,214.71747,229.19795,89.28965,110.0257,78.97416,2.2019923,1.9004252,10961.85269165039,219.23705383300782,-10961.852767944336,0.3894653388112783,0.46680308315826924
11,645504,5123,126,25,5,3,false,0,nan,50,110.95881,125.73281,89.22083,106.59537,84.38712,0.062151432,0.0058271885,7861.37776184082,157.2275552368164,-7861.377700805664,0.2234235268086195,0.253402870528552
12,829098,6651,49,25,5,3,false,0,nan,50,141.55779,158.37698,52.6545,69.30524,23.746464,0.004081011,0.001957655,9579.315692901611,191.5863138580322,-9579.315784454346,0.34835770569741725,0.39298801336969647
13,867812,6983,65,25,5,3,false,1,22.0,22,164.75528,176.30286,59.65472,16.919006,16.919006,0.24820232,0.22560048,3673.8460731506348,166.99300332502887,-3673.8460731506348,0.20010288813236085,0.1939378416254407
14,941649,7572,117,25,5,3,false,0,nan,50,244.9248,119.25822,64.42025,32.509655,29.049414,0.5873215,0.22220421,7464.215957641602,149.28431915283204,-7464.215972900391,0.3373271276056766,0.4339823134395541
15,1015425,8235,10,25,5,3,false,0,nan,50,291.81088,169.69554,111.96679,123.036835,94.51599,0.008777142,0.008777142,10406.22134399414,208.1244268798828,-10406.221420288086,0.26959925204515456,0.3014022319444588
16,1028336,8313,130,25,5,3,false,0,nan,50,257.71283,102.79466,63.19537,41.061127,38.891754,0.06792164,0.0031969547,8770.850719451904,175.4170143890381,-8770.85073852539,0.20099474225193262,0.2301857771960144
17,1038328,8373,102,25,5,3,false,0,nan,50,268.93643,259.6269,142.16415,135.35631,102.38936,0.3143766,0.11780858,14484.353820800781,289.6870764160156,-14484.353790283203,0.47237021923065187,0.5514148560409643
18,1043460,8408,89,25,5,3,false,1,31.0,31,165.97649,229.55696,80.60536,16.014078,16.014078,0.025586605,0.0027770996,6998.606918334961,225.76151349467617,-6998.606857299805,0.4171055476030996,0.5129697673022747
19,1054182,8486,37,25,5,3,false,0,nan,50,130.55582,177.72023,57.867424,72.48945,55.152096,0.17365241,0.055134296,7451.778472900391,149.0355694580078,-7451.778358459473,0.22059576764702796,0.2397322393193537
20,1054375,8488,20,25,5,3,false,0,nan,50,202.3323,333.0988,44.70512,76.216934,34.150074,0.096847296,0.096847296,7893.383800506592,157.86767601013185,-7893.38387298584,0.25674324499443174,0.29123528442364566
21,1175223,9591,26,25,5,3,false,0,nan,50,152.71135,160.03123,66.45222,141.91037,19.581642,0.6007557,0.6007557,6671.833610534668,133.43667221069336,-6671.8336181640625,0.2662639731727541,0.32922077308199843
22,1206117,9864,51,25,5,3,false,0,nan,50,83.640465,112.36516,66.91135,80.0691,65.35279,0.010840654,0.0039970875,6380.966506958008,127.61933013916016,-6380.966514587402,0.2076488471031189,0.2295150459572977
23,1237215,10117,136,25,5,3,false,0,nan,50,55.33609,101.52071,49.273212,57.071068,46.81256,0.13545775,0.13513422,5187.792419433594,103.75584838867188,-5187.792469024658,0.1667599393054843,0.23633412720293415
24,1279178,10378,28,25,5,3,false,0,nan,50,177.95279,82.215385,51.04523,61.80872,38.446075,0.24853826,0.24853826,4971.950088500977,99.43900177001953,-4971.950042724609,0.178356763869524,0.21886569846953666
25,1299073,10489,33,25,5,3,false,0,nan,50,143.4154,119.71941,48.373596,60.511658,42.703243,0.07559466,0.07471228,5766.428112030029,115.32856224060059,-5766.428070068359,0.2062526883557439,0.2382021074240305
26,1475335,11775,26,25,5,3,false,0,nan,50,268.7706,86.548744,53.959938,47.47213,38.341293,0.24735117,0.24735117,6257.334922790527,125.14669845581055,-6257.334915161133,0.18474315974861383,0.21794564664667967
27,1504936,12047,95,25,5,3,false,0,nan,50,138.76318,195.70139,70.959755,101.66219,54.68615,0.0888741,0.0888741,5740.432189941406,114.80864379882813,-5740.43221282959,0.1622858002781868,0.2034078057931394
28,1529288,12221,47,25,5,3,false,0,nan,50,219.77599,281.9708,97.09581,153.42676,48.380238,0.019920826,0.019920826,13494.917510986328,269.8983502197266,-13494.917457580566,0.3919272218644619,0.5882908405393971
29,1582219,12591,156,25,5,3,false,0,nan,50,103.032745,162.42194,68.25239,133.56285,31.43321,0.0,0.0,7331.4534912109375,146.62906982421876,-7331.45352935791,0.25032863438129427,0.2785715564173095
30,1627802,12961,26,25,5,3,false,1,21.0,21,122.18609,55.115463,36.359417,18.816195,18.816195,0.19561315,0.19561315,1763.7698440551758,83.9890401931036,-1763.7698516845703,0.17770991798135496,0.20708893239498138
31,1635425,13029,33,25,5,3,false,0,nan,50,180.77676,110.401596,80.32818,89.08908,74.498146,0.4587605,0.4587605,6530.943885803223,130.61887771606445,-6530.94384765625,0.19110624082386493,0.23961651477278495
32,1673953,13303,73,25,5,3,false,0,nan,50,371.9239,383.76553,51.481003,111.534584,42.904095,0.26297998,0.25237894,10664.805786132812,213.29611572265625,-10664.805675506592,0.40773352133110163,0.5262570680708302
33,1715193,13586,36,25,5,3,false,0,nan,50,74.49926,64.76419,45.192337,37.90912,35.659534,0.06007743,0.06007743,4556.058815002441,91.12117630004883,-4556.058834075928,0.1662340064533055,0.23185653450461674
34,1768148,14033,88,25,5,3,false,0,nan,50,291.4219,312.79425,135.13857,105.752426,67.883575,0.48399734,0.48399734,12404.979705810547,248.09959411621094,-12404.979766845703,0.1977840518951416,0.22341680663580799
35,1775707,14108,36,25,5,3,false,0,nan,50,219.38782,132.67603,90.19041,117.10293,67.54045,0.062343836,0.00994277,8772.684471130371,175.45368942260743,-8772.684463500977,0.28226948648691175,0.2970931174955806
36,1805134,14327,28,25,5,3,false,0,nan,50,129.9213,182.79214,87.94744,142.006,76.3277,0.3765204,0.022001505,9809.001373291016,196.1800274658203,-9809.001365661621,0.17459320537745954,0.21313285390485306
37,1816074,14432,48,25,5,3,false,1,8.0,8,192.79257,148.99022,93.89721,18.95471,18.95471,0.108649254,0.10335851,1334.1621170043945,166.77026462554932,-1334.162124633789,0.223747992888093,0.22226870485714503
38,1823057,14474,99,25,5,3,false,0,nan,50,243.27267,87.330124,38.83251,55.63312,29.879223,0.022397757,0.007726431,5769.247882843018,115.38495765686035,-5769.247901916504,0.18006373446434737,0.20207562805058396
39,1832757,14526,127,25,5,3,false,0,nan,50,201.75465,73.48395,42.3706,60.580566,20.475079,0.35962582,0.14994788,7811.072978973389,156.22145957946776,-7811.072906494141,0.3078471966087818,0.344110247165877
40,1920151,15277,43,25,5,3,false,0,nan,50,106.75308,172.62123,57.94275,21.374853,21.374853,0.034359217,0.034359217,6466.330879211426,129.32661758422853,-6466.330921173096,0.2721293969079852,0.33369595853953943
41,1933213,15435,20,25,5,3,false,0,nan,50,185.01952,80.01989,36.690125,50.002396,31.007399,0.03052926,0.03052926,6163.9855308532715,123.27971061706543,-6163.9854164123535,0.20756607122719287,0.2585975838711067
42,1962501,15701,34,25,5,3,false,0,nan,50,245.11049,98.69569,98.69569,89.20449,89.20449,0.61139464,0.61139464,9169.849388122559,183.39698776245118,-9169.849319458008,0.2088319220021367,0.19080541704838372
43,2005034,16015,138,25,5,3,false,1,26.0,26,469.73764,231.71138,56.756516,15.074547,15.074547,0.0,0.0,4672.590911865234,179.71503507173978,-4672.590911865234,0.326960730438049,0.35613575130701064
44,2005681,16019,73,25,5,3,false,1,9.0,9,285.90512,273.7002,207.50296,16.405287,16.405287,0.22287774,0.22287774,2457.4183197021484,273.0464799669054,-2457.4183959960938,0.2413121983408928,0.3177726175636053
45,2069995,16400,0,25,5,3,false,0,nan,50,182.25975,80.81146,78.5895,75.62411,65.922424,0.004714489,0.004714489,8699.078392028809,173.98156784057616,-8699.078353881836,0.23832290548831225,0.2705245934882943
46,2083087,16532,36,25,5,3,false,0,nan,50,182.71317,231.75136,76.895706,83.88976,69.85039,0.1475277,0.1475277,8548.572044372559,170.97144088745117,-8548.571998596191,0.27889503456652165,0.3261230121917871
47,2164265,17264,10,25,5,3,false,1,37.0,37,305.70963,113.034134,89.19575,18.591633,18.591633,0.045406103,0.045406103,8415.306480407715,227.440715686695,-8415.306503295898,0.33955111878143773,0.28994832989863223
48,2263298,17939,41,25,5,3,false,0,nan,50,242.18587,108.910706,41.902363,52.255943,35.09282,0.17505264,0.17505264,6915.7333908081055,138.3146678161621,-6915.73323059082,0.20029778145253657,0.25492824986577034
49,2275347,18054,22,25,5,3,false,0,nan,50,233.26695,113.59116,63.297268,81.16025,40.844826,1.0465558,0.6144872,6175.314952850342,123.50629905700684,-6175.314903259277,0.22474899873137474,0.22970887022663136
0,150187,1235,36,25,5,5,true,0,nan,50,229.72131,46.693417,30.103956,24.954435,23.527029,0.060396194,0.060396194,5209.546796798706,104.19093593597412,-5209.546745300293,0.2173217809945345,0.22801752158497668
1,159883,1316,129,25,5,5,true,1,23.0,23,98.6348,133.43967,98.6348,14.991962,14.991962,0.058819294,0.0111198425,4042.6337661743164,175.76668548583984,-4042.6337661743164,0.30937864922958874,0.28893293914469803
2,201656,1639,40,25,5,5,true,1,48.0,48,203.44919,55.45322,31.01237,19.143036,19.143036,0.052513838,0.052513838,5530.182210922241,115.21212939421336,-5530.1822719573975,0.19140114317027232,0.20970151771573312
3,209210,1694,59,25,5,5,true,0,nan,50,225.51054,95.33531,62.972904,29.046398,29.046398,0.03716159,0.03716159,9663.588382720947,193.27176765441894,-9663.5883102417,0.3402582210302353,0.3669188750945792
4,216281,1761,19,25,5,5,true,1,49.0,49,224.51173,85.04192,49.892982,19.632593,19.632593,0.21068263,0.013883114,6235.249324798584,127.24998622037927,-6235.249313354492,0.20926262088576142,0.2035348210677815
5,221571,1820,13,25,5,5,true,0,nan,50,311.6959,94.18976,54.637955,65.38844,40.914177,0.056562185,0.056562185,8758.158782958984,175.1631756591797,-8758.158832550049,0.33544478271156547,0.4268931728236529
6,305393,2635,114,25,5,5,true,1,22.0,22,115.23367,62.11463,42.491695,18.227646,18.227646,0.0052890778,0.0020830631,2772.3821449279785,126.01737022399902,-2772.382148742676,0.231042650020258,0.23216081215512185
7,388512,3184,115,25,5,5,true,1,25.0,25,156.09914,148.36816,102.00289,11.879496,11.879496,0.023848057,0.0048527718,3223.3257751464844,128.93303100585936,-3223.32576751709,0.23240749210119246,0.17254639230668545
8,429216,3517,2,25,5,5,true,1,24.0,24,217.99022,113.004776,93.44882,15.196769,15.196769,0.0094332695,0.0094332695,5373.619529724121,223.90081373850504,-5373.619644165039,0.36864495649933815,0.3362668642531271
9,472611,3838,133,25,5,5,true,1,25.0,25,112.600464,171.80803,49.0174,5.2378645,5.2378645,0.0076475143,0.0058176517,3922.9541206359863,156.91816482543945,-3922.9540824890137,0.2942560684680939,0.3186413156799972
10,532318,4299,20,25,5,5,true,0,nan,50,214.71747,105.97996,103.10011,86.38376,86.38376,2.8284047,1.9004252,11810.089805603027,236.20179611206055,-11810.089614868164,0.4339728659391403,0.48541922745655997
11,645504,5123,126,25,5,5,true,1,23.0,23,110.95881,52.283554,45.72389,17.99397,17.99397,0.14251184,0.0058271885,3606.0025215148926,156.78271832673445,-3606.002471923828,0.2886180628253066,0.2513182554394007
12,829098,6651,49,25,5,5,true,1,24.0,24,141.55779,50.879597,50.879597,15.910276,15.910276,0.004081011,0.001957655,3375.7564544677734,140.65651893615723,-3375.756504058838,0.2678033399085204,0.3211859681684038
13,867812,6983,65,25,5,5,true,1,23.0,23,164.75528,162.0222,100.99254,10.181161,10.181161,0.11347127,0.11347127,3885.9588623046875,168.95473314368206,-3885.958885192871,0.20186861968882705,0.1858253296126019
14,941649,7572,117,25,5,5,true,0,nan,50,244.9248,248.3338,44.72185,83.95129,28.554096,0.56478024,0.19236755,8389.770572662354,167.79541145324708,-8389.770622253418,0.38692441331222654,0.5315322760416537
15,1015425,8235,10,25,5,5,true,1,24.0,24,291.81088,122.899635,70.33621,6.8385024,6.8385024,0.06198573,0.008777142,5226.549911499023,217.77291297912598,-5226.549987792969,0.375150957920899,0.34539385917394055
16,1028336,8313,130,25,5,5,true,1,30.0,30,257.71283,236.35477,96.11337,19.666842,19.666842,0.025426388,0.0031969547,6126.239433288574,204.20798110961914,-6126.239418029785,0.2639647180835406,0.23938229089153223
17,1038328,8373,102,25,5,5,true,0,nan,50,268.93643,1031.0885,121.01593,21.166346,21.166346,0.062496662,0.027617216,13788.844482421875,275.7768896484375,-13788.84440612793,0.46301663905382157,0.5507472863002699
18,1043460,8408,89,25,5,5,true,1,25.0,25,165.97649,120.88651,71.75737,14.584127,14.584127,0.025586605,0.0027770996,5184.648002624512,207.38592010498047,-5184.648002624512,0.3701720595359802,0.45304091057429713
19,1054182,8486,37,25,5,5,true,1,24.0,24,130.55582,236.18549,72.52625,12.405992,12.405992,0.2689736,0.055134296,4420.598922729492,184.1916217803955,-4420.59895324707,0.35192799009382725,0.2831032091508741
20,1054375,8488,20,25,5,5,true,0,nan,50,202.3323,137.59218,58.905,53.512455,22.130333,0.13199043,0.13199043,8938.85343170166,178.7770686340332,-8938.853420257568,0.3411680169217288,0.47465554142028704
21,1175223,9591,26,25,5,5,true,0,nan,50,152.71135,134.53862,34.88105,36.815407,21.12259,0.6007557,0.6007557,5123.436695098877,102.46873390197754,-5123.436695098877,0.20798755384981632,0.2478009936760883
22,1206117,9864,51,25,5,5,true,1,50.0,50,83.640465,112.72552,36.538948,3.6665463,3.6665463,0.047466755,0.010169268,7171.537487030029,143.4307497406006,-7171.537506103516,0.2866159690916538,0.26940912396019817
23,1237215,10117,136,25,5,5,true,0,nan,50,55.33609,59.95167,27.671833,32.263824,20.446274,0.052219152,0.052219152,5190.76237487793,103.81524749755859,-5190.762464523315,0.19436996255069972,0.23956652704094136
24,1279178,10378,28,25,5,5,true,1,21.0,21,177.95279,110.54636,55.00106,16.947641,16.947641,0.09146547,0.09146547,2350.668571472168,111.9365986415318,-2350.6685829162598,0.19008643836492584,0.19894826486706735
25,1299073,10489,33,25,5,5,true,1,25.0,25,143.4154,145.02516,58.415356,8.168603,8.168603,0.03897071,0.03897071,3823.5048637390137,152.94019454956054,-3823.504871368408,0.2972017455101013,0.27887197754656273
26,1475335,11775,26,25,5,5,true,0,nan,50,268.7706,354.74188,54.335262,37.257027,22.069746,0.018750668,0.018750668,6775.7024574279785,135.51404914855956,-6775.702453613281,0.259266199991107,0.28060542237089603
27,1504936,12047,95,25,5,5,true,1,23.0,23,138.76318,81.94114,52.31675,10.688255,10.688255,0.050067663,0.050067663,2404.256675720215,104.53289894435717,-2404.2567100524902,0.17632678385985934,0.17743140052665363
28,1529288,12221,47,25,5,5,true,1,21.0,21,219.77599,78.5283,78.5283,3.9971473,3.9971473,0.019920826,0.019920826,4378.4356689453125,208.49693661644346,-4378.435615539551,0.37244934907981325,0.4281598549336195
29,1582219,12591,156,25,5,5,true,1,24.0,24,103.032745,435.2246,56.969257,19.614605,19.614605,0.0,0.0,3057.4091758728027,127.39204899470012,-3057.4092559814453,0.27241577266249806,0.2888441821155341
30,1627802,12961,26,25,5,5,true,1,24.0,24,122.18609,57.968925,26.459885,16.770643,16.770643,0.21352363,0.21352363,1769.0480613708496,73.71033589045207,-1769.0480842590332,0.15077905473299325,0.1840808062773684
31,1635425,13029,33,25,5,5,true,1,25.0,25,180.77676,81.15324,52.303383,13.612887,13.612887,0.17204499,0.17204499,3861.9536895751953,154.47814758300783,-3861.9536056518555,0.29343122884631156,0.3105179003129403
32,1673953,13303,73,25,5,5,true,0,nan,50,371.9239,344.73404,59.849625,83.139946,34.475716,0.26297998,0.25237894,11370.812614440918,227.41625228881836,-11370.812664031982,0.4610289677977562,0.5205253108727689
33,1715193,13586,36,25,5,5,true,1,23.0,23,74.49926,106.18225,56.243477,15.50478,15.50478,0.022552013,0.022552013,2225.5916786193848,96.76485559214716,-2225.5916862487793,0.19830460032529157,0.2469279170036316
34,1768148,14033,88,25,5,5,true,1,48.0,48,291.4219,198.73973,95.06629,19.75965,19.75965,0.15776968,0.15776968,11249.292922973633,234.36026922861734,-11249.292991638184,0.25305172700124484,0.2490003618629689
35,1775707,14108,36,25,5,5,true,1,25.0,25,219.38782,158.07384,104.90945,19.19761,19.19761,0.074175835,0.0140144825,4534.327041625977,181.37308166503905,-4534.327095031738,0.3523649674654007,0.289928394369781
36,1805134,14327,28,25,5,5,true,1,48.0,48,129.9213,56.396812,43.65436,17.26216,17.26216,0.014703512,0.014703512,7148.713691711426,148.93153524398804,-7148.713733673096,0.25417300841460627,0.27001132380138054
37,1816074,14432,48,25,5,5,true,1,8.0,8,192.79257,148.99022,93.89721,18.95471,18.95471,0.108649254,0.10335851,1334.1621170043945,166.77026462554932,-1334.162124633789,0.223747992888093,0.22226870485714503
38,1823057,14474,99,25,5,5,true,1,25.0,25,243.27267,116.94413,97.41507,15.946503,15.946503,0.010968685,0.00021862984,3843.0028381347656,153.72011352539062,-3843.0028762817383,0.21829767875373363,0.18428523419424891
39,1832757,14526,127,25,5,5,true,1,24.0,24,201.75465,201.21678,57.977528,10.021403,10.021403,0.21304703,0.14994788,4473.826992034912,186.40945800145468,-4473.827003479004,0.3257825088997682,0.2908011687838513
40,1920151,15277,43,25,5,5,true,1,25.0,25,106.75308,182.2646,57.94275,10.334923,10.334923,0.08900285,0.034359217,3207.119884490967,128.28479537963867,-3207.1198768615723,0.2891574944555759,0.3401971096172929
41,1933213,15435,20,25,5,5,true,1,23.0,23,185.01952,27.524096,27.524096,16.972843,16.972843,0.03052926,0.03052926,3206.448579788208,139.41080781687862,-3206.4484825134277,0.2592778746848521,0.27027166296135297
42,1962501,15701,34,25,5,5,true,0,nan,50,245.11049,301.14285,92.278244,121.00184,91.64427,0.7261689,0.647207,9064.684097290039,181.29368194580078,-9064.683815002441,0.29289291009306906,0.3205696916853895
43,2005034,16015,138,25,5,5,true,1,28.0,28,469.73764,237.41103,82.40853,12.64612,12.64612,0.0,0.0,4915.15788269043,175.54135295322962,-4915.157875061035,0.31102608696424533,0.3447847416003545
44,2005681,16019,73,25,5,5,true,1,9.0,9,285.90512,273.7002,207.50296,16.405287,16.405287,0.22287774,0.22287774,2457.4183197021484,273.0464799669054,-2457.4183959960938,0.2413121983408928,0.3177726175636053
45,2069995,16400,0,25,5,5,true,1,24.0,24,182.25975,184.14969,133.53065,16.090696,16.090696,0.029557705,0.004714489,5367.016784667969,223.62569936116537,-5367.016784667969,0.34015792421996593,0.3458299231917962
46,2083087,16532,36,25,5,5,true,1,24.0,24,182.71317,36.55957,36.55957,17.428192,17.428192,0.10480714,0.10480714,4483.24299621582,186.80179150899252,-4483.242950439453,0.3548929210131367,0.32273490046677383
47,2164265,17264,10,25,5,5,true,1,29.0,29,305.70963,123.83388,59.69632,19.487335,19.487335,0.045406103,0.045406103,7604.2445068359375,262.2153278219289,-7604.244453430176,0.44612506443056565,0.4120045104729278
48,2263298,17939,41,25,5,5,true,1,24.0,24,242.18587,88.82507,83.44584,16.943487,16.943487,0.1208899,0.1208899,4650.698143005371,193.77908929189047,-4650.698028564453,0.27397766429930925,0.31740254973587784
49,2275347,18054,22,25,5,5,true,1,23.0,23,233.26695,50.053608,37.098564,19.698961,19.698961,0.32451463,0.32451463,3020.9273109436035,131.34466569320014,-3020.927291870117,0.25720004081402137,0.26656477932225575
0,150187,1235,36,25,5,5,false,0,nan,50,229.72131,46.693417,30.103956,24.954435,23.527029,0.060396194,0.060396194,5209.546796798706,104.19093593597412,-5209.546745300293,0.2173217809945345,0.22801752158497668
1,159883,1316,129,25,5,5,false,1,23.0,23,98.6348,133.43967,98.6348,14.991962,14.991962,0.058819294,0.0111198425,4042.6337661743164,175.76668548583984,-4042.6337661743164,0.30937864922958874,0.28893293914469803
2,201656,1639,40,25,5,5,false,1,48.0,48,203.44919,55.45322,31.01237,19.143036,19.143036,0.052513838,0.052513838,5530.182210922241,115.21212939421336,-5530.1822719573975,0.19140114317027232,0.20970151771573312
3,209210,1694,59,25,5,5,false,0,nan,50,225.51054,95.33531,62.972904,29.046398,29.046398,0.03716159,0.03716159,9663.588382720947,193.27176765441894,-9663.5883102417,0.3402582210302353,0.3669188750945792
4,216281,1761,19,25,5,5,false,1,49.0,49,224.51173,85.04192,49.892982,19.632593,19.632593,0.21068263,0.013883114,6235.249324798584,127.24998622037927,-6235.249313354492,0.20926262088576142,0.2035348210677815
5,221571,1820,13,25,5,5,false,0,nan,50,311.6959,94.18976,54.637955,65.38844,40.914177,0.056562185,0.056562185,8758.158782958984,175.1631756591797,-8758.158832550049,0.33544478271156547,0.4268931728236529
6,305393,2635,114,25,5,5,false,1,22.0,22,115.23367,62.11463,42.491695,18.227646,18.227646,0.0052890778,0.0020830631,2772.3821449279785,126.01737022399902,-2772.382148742676,0.231042650020258,0.23216081215512185
7,388512,3184,115,25,5,5,false,1,25.0,25,156.09914,148.36816,102.00289,11.879496,11.879496,0.023848057,0.0048527718,3223.3257751464844,128.93303100585936,-3223.32576751709,0.23240749210119246,0.17254639230668545
8,429216,3517,2,25,5,5,false,1,24.0,24,217.99022,113.004776,93.44882,15.196769,15.196769,0.0094332695,0.0094332695,5373.619529724121,223.90081373850504,-5373.619644165039,0.36864495649933815,0.3362668642531271
9,472611,3838,133,25,5,5,false,1,25.0,25,112.600464,171.80803,49.0174,5.2378645,5.2378645,0.0076475143,0.0058176517,3922.9541206359863,156.91816482543945,-3922.9540824890137,0.2942560684680939,0.3186413156799972
10,532318,4299,20,25,5,5,false,0,nan,50,214.71747,105.97996,103.10011,86.38376,86.38376,2.8284047,1.9004252,11810.089805603027,236.20179611206055,-11810.089614868164,0.4339728659391403,0.48541922745655997
11,645504,5123,126,25,5,5,false,1,23.0,23,110.95881,52.283554,45.72389,17.99397,17.99397,0.14251184,0.0058271885,3606.0025215148926,156.78271832673445,-3606.002471923828,0.2886180628253066,0.2513182554394007
12,829098,6651,49,25,5,5,false,1,24.0,24,141.55779,50.879597,50.879597,15.910276,15.910276,0.004081011,0.001957655,3375.7564544677734,140.65651893615723,-3375.756504058838,0.2678033399085204,0.3211859681684038
13,867812,6983,65,25,5,5,false,1,23.0,23,164.75528,162.0222,100.99254,10.181161,10.181161,0.11347127,0.11347127,3885.9588623046875,168.95473314368206,-3885.958885192871,0.20186861968882705,0.1858253296126019
14,941649,7572,117,25,5,5,false,0,nan,50,244.9248,248.3338,44.72185,83.95129,28.554096,0.56478024,0.19236755,8389.770572662354,167.79541145324708,-8389.770622253418,0.38692441331222654,0.5315322760416537
15,1015425,8235,10,25,5,5,false,1,24.0,24,291.81088,122.899635,70.33621,6.8385024,6.8385024,0.06198573,0.008777142,5226.549911499023,217.77291297912598,-5226.549987792969,0.375150957920899,0.34539385917394055
16,1028336,8313,130,25,5,5,false,1,30.0,30,257.71283,236.35477,96.11337,19.666842,19.666842,0.025426388,0.0031969547,6126.239433288574,204.20798110961914,-6126.239418029785,0.2639647180835406,0.23938229089153223
17,1038328,8373,102,25,5,5,false,0,nan,50,268.93643,1031.0885,121.01593,21.166346,21.166346,0.062496662,0.027617216,13788.844482421875,275.7768896484375,-13788.84440612793,0.46301663905382157,0.5507472863002699
18,1043460,8408,89,25,5,5,false,1,25.0,25,165.97649,120.88651,71.75737,14.584127,14.584127,0.025586605,0.0027770996,5184.648002624512,207.38592010498047,-5184.648002624512,0.3701720595359802,0.45304091057429713
19,1054182,8486,37,25,5,5,false,1,24.0,24,130.55582,236.18549,72.52625,12.405992,12.405992,0.2689736,0.055134296,4420.598922729492,184.1916217803955,-4420.59895324707,0.35192799009382725,0.2831032091508741
20,1054375,8488,20,25,5,5,false,0,nan,50,202.3323,137.59218,58.905,53.512455,22.130333,0.13199043,0.13199043,8938.85343170166,178.7770686340332,-8938.853420257568,0.3411680169217288,0.47465554142028704
21,1175223,9591,26,25,5,5,false,0,nan,50,152.71135,134.53862,34.88105,36.815407,21.12259,0.6007557,0.6007557,5123.436695098877,102.46873390197754,-5123.436695098877,0.20798755384981632,0.2478009936760883
22,1206117,9864,51,25,5,5,false,1,50.0,50,83.640465,112.72552,36.538948,3.6665463,3.6665463,0.047466755,0.010169268,7171.537487030029,143.4307497406006,-7171.537506103516,0.2866159690916538,0.26940912396019817
23,1237215,10117,136,25,5,5,false,0,nan,50,55.33609,59.95167,27.671833,32.263824,20.446274,0.052219152,0.052219152,5190.76237487793,103.81524749755859,-5190.762464523315,0.19436996255069972,0.23956652704094136
24,1279178,10378,28,25,5,5,false,1,21.0,21,177.95279,110.54636,55.00106,16.947641,16.947641,0.09146547,0.09146547,2350.668571472168,111.9365986415318,-2350.6685829162598,0.19008643836492584,0.19894826486706735
25,1299073,10489,33,25,5,5,false,1,25.0,25,143.4154,145.02516,58.415356,8.168603,8.168603,0.03897071,0.03897071,3823.5048637390137,152.94019454956054,-3823.504871368408,0.2972017455101013,0.27887197754656273
26,1475335,11775,26,25,5,5,false,0,nan,50,268.7706,354.74188,54.335262,37.257027,22.069746,0.018750668,0.018750668,6775.7024574279785,135.51404914855956,-6775.702453613281,0.259266199991107,0.28060542237089603
27,1504936,12047,95,25,5,5,false,1,23.0,23,138.76318,81.94114,52.31675,10.688255,10.688255,0.050067663,0.050067663,2404.256675720215,104.53289894435717,-2404.2567100524902,0.17632678385985934,0.17743140052665363
28,1529288,12221,47,25,5,5,false,1,21.0,21,219.77599,78.5283,78.5283,3.9971473,3.9971473,0.019920826,0.019920826,4378.4356689453125,208.49693661644346,-4378.435615539551,0.37244934907981325,0.4281598549336195
29,1582219,12591,156,25,5,5,false,1,24.0,24,103.032745,435.2246,56.969257,19.614605,19.614605,0.0,0.0,3057.4091758728027,127.39204899470012,-3057.4092559814453,0.27241577266249806,0.2888441821155341
30,1627802,12961,26,25,5,5,false,1,24.0,24,122.18609,57.968925,26.459885,16.770643,16.770643,0.21352363,0.21352363,1769.0480613708496,73.71033589045207,-1769.0480842590332,0.15077905473299325,0.1840808062773684
31,1635425,13029,33,25,5,5,false,1,25.0,25,180.77676,81.15324,52.303383,13.612887,13.612887,0.17204499,0.17204499,3861.9536895751953,154.47814758300783,-3861.9536056518555,0.29343122884631156,0.3105179003129403
32,1673953,13303,73,25,5,5,false,0,nan,50,371.9239,344.73404,59.849625,83.139946,34.475716,0.26297998,0.25237894,11370.812614440918,227.41625228881836,-11370.812664031982,0.4610289677977562,0.5205253108727689
33,1715193,13586,36,25,5,5,false,1,23.0,23,74.49926,106.18225,56.243477,15.50478,15.50478,0.022552013,0.022552013,2225.5916786193848,96.76485559214716,-2225.5916862487793,0.19830460032529157,0.2469279170036316
34,1768148,14033,88,25,5,5,false,1,48.0,48,291.4219,198.73973,95.06629,19.75965,19.75965,0.15776968,0.15776968,11249.292922973633,234.36026922861734,-11249.292991638184,0.25305172700124484,0.2490003618629689
35,1775707,14108,36,25,5,5,false,1,25.0,25,219.38782,158.07384,104.90945,19.19761,19.19761,0.074175835,0.0140144825,4534.327041625977,181.37308166503905,-4534.327095031738,0.3523649674654007,0.289928394369781
36,1805134,14327,28,25,5,5,false,1,48.0,48,129.9213,56.396812,43.65436,17.26216,17.26216,0.014703512,0.014703512,7148.713691711426,148.93153524398804,-7148.713733673096,0.25417300841460627,0.27001132380138054
37,1816074,14432,48,25,5,5,false,1,8.0,8,192.79257,148.99022,93.89721,18.95471,18.95471,0.108649254,0.10335851,1334.1621170043945,166.77026462554932,-1334.162124633789,0.223747992888093,0.22226870485714503
38,1823057,14474,99,25,5,5,false,1,25.0,25,243.27267,116.94413,97.41507,15.946503,15.946503,0.010968685,0.00021862984,3843.0028381347656,153.72011352539062,-3843.0028762817383,0.21829767875373363,0.18428523419424891
39,1832757,14526,127,25,5,5,false,1,24.0,24,201.75465,201.21678,57.977528,10.021403,10.021403,0.21304703,0.14994788,4473.826992034912,186.40945800145468,-4473.827003479004,0.3257825088997682,0.2908011687838513
40,1920151,15277,43,25,5,5,false,1,25.0,25,106.75308,182.2646,57.94275,10.334923,10.334923,0.08900285,0.034359217,3207.119884490967,128.28479537963867,-3207.1198768615723,0.2891574944555759,0.3401971096172929
41,1933213,15435,20,25,5,5,false,1,23.0,23,185.01952,27.524096,27.524096,16.972843,16.972843,0.03052926,0.03052926,3206.448579788208,139.41080781687862,-3206.4484825134277,0.2592778746848521,0.27027166296135297
42,1962501,15701,34,25,5,5,false,0,nan,50,245.11049,301.14285,92.278244,121.00184,91.64427,0.7261689,0.647207,9064.684097290039,181.29368194580078,-9064.683815002441,0.29289291009306906,0.3205696916853895
43,2005034,16015,138,25,5,5,false,1,28.0,28,469.73764,237.41103,82.40853,12.64612,12.64612,0.0,0.0,4915.15788269043,175.54135295322962,-4915.157875061035,0.31102608696424533,0.3447847416003545
44,2005681,16019,73,25,5,5,false,1,9.0,9,285.90512,273.7002,207.50296,16.405287,16.405287,0.22287774,0.22287774,2457.4183197021484,273.0464799669054,-2457.4183959960938,0.2413121983408928,0.3177726175636053
45,2069995,16400,0,25,5,5,false,1,24.0,24,182.25975,184.14969,133.53065,16.090696,16.090696,0.029557705,0.004714489,5367.016784667969,223.62569936116537,-5367.016784667969,0.34015792421996593,0.3458299231917962
46,2083087,16532,36,25,5,5,false,1,24.0,24,182.71317,36.55957,36.55957,17.428192,17.428192,0.10480714,0.10480714,4483.24299621582,186.80179150899252,-4483.242950439453,0.3548929210131367,0.32273490046677383
47,2164265,17264,10,25,5,5,false,1,29.0,29,305.70963,123.83388,59.69632,19.487335,19.487335,0.045406103,0.045406103,7604.2445068359375,262.2153278219289,-7604.244453430176,0.44612506443056565,0.4120045104729278
48,2263298,17939,41,25,5,5,false,1,24.0,24,242.18587,88.82507,83.44584,16.943487,16.943487,0.1208899,0.1208899,4650.698143005371,193.77908929189047,-4650.698028564453,0.27397766429930925,0.31740254973587784
49,2275347,18054,22,25,5,5,false,1,23.0,23,233.26695,50.053608,37.098564,19.698961,19.698961,0.32451463,0.32451463,3020.9273109436035,131.34466569320014,-3020.927291870117,0.25720004081402137,0.26656477932225575
