state_index,dataset_row,episode,start,generator,step,proposal_oracle_true,proposal_success_coverage,returned_true,returned_success,returned_nreg,returned_self_pred,returned_verifier_pred,self_selected_true,self_selected_success,self_population_rho,self_population_nreg,verifier_selected_true,verifier_selected_success,verifier_population_rho,verifier_population_nreg
0,245806,2044,46,pd_d192_k3_eval,0,176.93917336275612,False,279.335601590204,False,0.48770343797089566,281.3547668457031,278.587646484375,335.4853323862753,False,-0.07006477849753887,0.7551387110993356,310.11607265734824,False,-0.516242180468672,0.6343075902999702
0,245806,2044,46,pd_d192_k3_eval,1,146.36456982404255,False,260.39453907268285,False,0.50672480269962,267.6563720703125,291.626953125,254.62524004255107,False,0.15523950266114067,0.4810872713381574,307.73706672230963,False,-0.6188517650196114,0.7171048733128942
0,245806,2044,46,pd_d192_k3_eval,2,127.64839819452094,False,248.497213915672,False,0.5148090000679837,253.50949096679688,298.4341735839844,223.78073475345147,False,0.1857967310747897,0.4095182212815028,299.58678798804397,False,-0.727599639996,0.7324476453881438
0,245806,2044,46,pd_d192_k3_eval,4,122.03200100090902,False,209.60040429406416,False,0.42469469075457916,181.47584533691406,324.7007141113281,200.47499701837876,False,0.1760144001600018,0.38043772277056054,306.076628613998,False,-0.7893278814209047,0.8925910861651188
0,245806,2044,46,pd_d192_k3_eval,9,67.30314493000076,False,100.16534809697713,False,0.21389978961907044,56.8629035949707,219.6153564453125,99.89043515649685,False,0.3959946221624686,0.21211038372216504,67.30314493000076,False,0.43986266514072386,0.0
0,245806,2044,46,pd_d192_k3_eval,19,7.886721570100371,True,13.575710047352565,True,0.0358017499470965,11.330469131469727,59.79072952270508,21.27170276060505,True,0.7499465549617218,0.08423391109775932,18.93436393943175,True,0.8453782819809109,0.06952464945100241
0,245806,2044,46,pd_d192_k3_eval,29,8.926195095918615,True,15.563966752877263,True,0.04878126207107544,7.919736862182617,51.73971939086914,45.834739279574464,False,0.470179001988911,0.2712424379041877,10.108073762535554,True,0.8386115401282237,0.00868567584906503
0,245806,2044,46,iter2_multistep_eval,0,176.93917336275612,False,269.0860579039894,False,0.4388859374005016,254.64892578125,293.3271789550781,250.95971295740296,False,0.3028126979188658,0.3525520593411993,310.11607265734824,False,-0.516242180468672,0.6343075902999702
0,245806,2044,46,iter2_multistep_eval,1,142.27409227364828,False,260.0419850810929,False,0.5513447846014472,252.51922607421875,294.9317626953125,253.42382162031524,False,0.2527112523472483,0.5203610434411489,318.3249746594462,False,-0.5637680418671319,0.8242037240710193
0,245806,2044,46,iter2_multistep_eval,2,140.54334090454967,False,253.85460512953142,False,0.5220983328832662,248.10098266601562,302.68505859375,264.35781506730376,False,0.18003133368148533,0.5704934190729841,301.9812674418666,False,-0.6045724952499473,0.7438490152392254
0,245806,2044,46,iter2_multistep_eval,4,171.59092214846413,False,280.0453133284227,False,0.5998299613301126,236.27438354492188,268.78350830078125,266.9821553506767,False,-0.26297581084234267,0.5275814017338598,310.17436662040757,False,-0.8019906887854309,0.7664650664136564
0,245806,2044,46,iter2_multistep_eval,9,315.6908481295604,False,397.9245824876242,False,0.5696093592041735,203.0718994140625,287.533447265625,408.02935259808595,False,-0.4189770997455527,0.6396021872382708,427.2736218491502,False,-0.40542494916610183,0.7729016897115689
0,245806,2044,46,iter2_multistep_eval,19,492.9533213396671,False,530.5248799987287,False,0.5751640830301149,167.74246215820312,276.91400146484375,546.1596956015634,False,-0.21728285869842998,0.8145096066255408,515.3845158445191,False,0.661108678985322,0.3433878678211747
0,245806,2044,46,iter2_multistep_eval,29,544.130762165394,False,558.4715812833833,False,0.5368050937290137,156.6033935546875,280.3662414550781,563.4304199393936,False,-0.18829009211213463,0.7224241875635822,546.467619259343,False,0.6448604984499828,0.08747316182065334
0,245806,2044,46,pd_d192_k10_eval,0,176.93917336275612,False,332.55893086352694,False,0.7412005678629581,266.407958984375,266.407958984375,310.11607265734824,False,-0.516242180468672,0.6343075902999702,310.11607265734824,False,-0.516242180468672,0.6343075902999702
0,245806,2044,46,pd_d192_k10_eval,1,194.87699994085412,False,333.79786103624645,False,0.6325066127249357,257.68524169921875,257.68524169921875,306.6168074305826,False,-0.25681440904898944,0.5087512889322906,306.6168074305826,False,-0.25681440904898944,0.5087512889322906
0,245806,2044,46,pd_d192_k10_eval,2,182.6684645598112,False,324.92243066278917,False,0.5762158822135036,250.0259552001953,250.0259552001953,304.033277915384,False,0.02685274280825341,0.49160199123541076,304.033277915384,False,0.02685274280825341,0.49160199123541076
0,245806,2044,46,pd_d192_k10_eval,4,209.87711702983364,False,318.7561959241308,False,0.5284241941991403,242.0240020751953,242.0240020751953,314.25427318242686,False,-0.2027066967410749,0.5065749562987976,314.25427318242686,False,-0.2027066967410749,0.5065749562987976
0,245806,2044,46,pd_d192_k10_eval,9,256.443829148941,False,316.04167623665046,False,0.44392328221160315,233.1392364501953,233.1392364501953,313.72977053050306,False,-0.12677740863787373,0.426702714365817,313.72977053050306,False,-0.12677740863787373,0.426702714365817
0,245806,2044,46,pd_d192_k10_eval,19,284.91544627130855,False,314.54508795388136,False,0.5734183238677553,225.21511840820312,225.21511840820312,313.17272081274757,False,-0.03206346737185969,0.5468590939509461,313.17272081274757,False,-0.03206346737185969,0.5468590939509461
0,245806,2044,46,pd_d192_k10_eval,29,302.81238300105747,False,313.30258317677885,False,0.5189406550861096,221.7964630126953,221.7964630126953,313.85899823962353,False,-0.061307347859420644,0.5464660018264582,313.85899823962353,False,-0.061307347859420644,0.5464660018264582
1,296763,2520,55,pd_d192_k3_eval,0,60.69700279781814,False,87.34554794122208,False,0.12524884133522415,30.029586791992188,67.69825744628906,60.69700279781814,False,0.8621006900076668,0.0,62.76527870614269,False,0.970736563739597,0.009720949480926071
1,296763,2520,55,pd_d192_k3_eval,1,6.34802130196905,True,19.689672146106645,True,0.06549619054717883,3.5257608890533447,6.376018047332764,15.104133717160831,True,0.938051311681241,0.042985085871132284,15.104133717160831,True,0.9735845953843931,0.042985085871132284
1,296763,2520,55,pd_d192_k3_eval,2,1.5743771997514024,True,18.231158189773556,True,0.09341329568755925,2.2286953926086426,4.394284248352051,15.940685760313729,True,0.891796131068123,0.08056804194702553,18.430309730545687,True,0.8457533972599696,0.09453016225234893
1,296763,2520,55,pd_d192_k3_eval,4,1.1233196171899018,True,19.292429073784795,True,0.12260084131790012,2.173729658126831,4.291769027709961,16.330952690084253,True,0.6713105701174457,0.1026175010748267,19.9143918615804,True,0.5686489849887221,0.12679769869466548
1,296763,2520,55,pd_d192_k3_eval,9,3.3172298790528605,True,19.531462308349965,True,0.14587310779985535,2.088740825653076,5.672207832336426,16.945041387142123,True,0.7160706230069223,0.12260409031781666,12.558273931871083,True,0.5240444893832154,0.08313805918214545
1,296763,2520,55,pd_d192_k3_eval,19,6.462629796999192,True,13.418667015181285,True,0.15854853743096203,1.854010820388794,5.271836757659912,11.697080608587017,True,0.3809882332025911,0.11930852213704136,19.357122632150155,True,0.04637562639584884,0.29390339870284554
1,296763,2520,55,pd_d192_k3_eval,29,7.44300483357723,True,19.55028305928886,True,0.6580120148347807,1.7397741079330444,5.839571952819824,16.62204771472004,True,0.04621606906743407,0.4988669119413602,16.535780464360677,True,-0.20744674940832677,0.494178419105483
1,296763,2520,55,iter2_multistep_eval,0,60.69700279781814,False,85.8649437685025,False,0.11828996398896398,55.12104034423828,67.20000457763672,60.69700279781814,False,0.956449293881043,0.0,62.76527870614269,False,0.970736563739597,0.009720949480926071
1,296763,2520,55,iter2_multistep_eval,1,9.568789929785783,True,16.61275940474166,True,0.03486326975542514,12.639965057373047,7.037981033325195,18.21716859119257,True,0.982080689785442,0.04280409778771452,9.568789929785783,True,0.973891265458505,0.0
1,296763,2520,55,iter2_multistep_eval,2,3.3095661408796886,True,17.882966915650286,True,0.08555773627116842,11.223817825317383,6.971620082855225,12.473252913773797,True,0.839792886587629,0.053798307498972214,14.048969192158253,True,0.8260247336081512,0.06304904587279056
1,296763,2520,55,iter2_multistep_eval,4,4.676537193651783,True,19.332879751818652,True,0.09884802408581594,10.95846176147461,6.729418754577637,19.881345727557797,True,0.6169272991922132,0.10254709005435143,19.114245373991228,True,0.6470591895465505,0.0973734695603808
1,296763,2520,55,iter2_multistep_eval,9,3.988003139306328,True,19.415462831906375,True,0.1494827466286782,10.202035903930664,7.600627899169922,18.927070296001567,True,0.618021978021978,0.1447505185655568,11.04322765121986,True,0.692393471038567,0.06836085519825907
1,296763,2520,55,iter2_multistep_eval,19,2.6625828138429117,True,11.575763229362705,True,0.12095710587662915,9.064165115356445,9.883255004882812,11.452077320057176,True,0.4401688907654529,0.11927861526723162,16.172040031686663,True,0.3962675140834898,0.1833312881437085
1,296763,2520,55,iter2_multistep_eval,29,4.513684820163022,True,15.256432011297015,True,0.4096567758671734,8.16755485534668,10.320810317993164,14.11689069513045,True,0.06058333981488685,0.36620226528039374,7.234908942099219,True,0.0471036344848276,0.10376935064844325
1,296763,2520,55,pd_d192_k10_eval,0,60.69700279781814,False,85.8649437685025,False,0.11828996398896398,67.20000457763672,67.20000457763672,62.76527870614269,False,0.970736563739597,0.009720949480926071,62.76527870614269,False,0.970736563739597,0.009720949480926071
1,296763,2520,55,pd_d192_k10_eval,1,9.568789929785783,True,24.229742519719384,False,0.07256260079371733,8.24428939819336,8.24428939819336,9.568789929785783,True,0.973891265458505,0.0,9.568789929785783,True,0.973891265458505,0.0
1,296763,2520,55,pd_d192_k10_eval,2,3.6305836309673745,True,18.529123348053613,True,0.08303267100142148,3.397340774536133,3.397340774536133,4.977523381000616,True,0.8716354626162514,0.007506776318150457,4.977523381000616,True,0.8716354626162514,0.007506776318150457
1,296763,2520,55,pd_d192_k10_eval,4,5.996655374572026,True,17.01240307146065,True,0.07522292467199544,3.3861920833587646,3.3861920833587646,12.673875494466486,True,0.6662878476427516,0.045596544140078785,12.673875494466486,True,0.6662878476427516,0.045596544140078785
1,296763,2520,55,pd_d192_k10_eval,9,5.091849097818175,True,19.97234166781896,True,0.15797095687287693,3.0616471767425537,3.0616471767425537,16.45963842193519,True,0.6347706085623175,0.12068018236710461,16.45963842193519,True,0.6347706085623175,0.12068018236710461
1,296763,2520,55,pd_d192_k10_eval,19,8.259004756220115,True,15.754399746796546,True,0.12020064425933312,2.6947317123413086,2.6947317123413086,15.932185298600327,True,0.5880847564972944,0.1230517198722505,15.932185298600327,True,0.5880847564972944,0.1230517198722505
1,296763,2520,55,pd_d192_k10_eval,29,8.311116431108452,True,16.947240121308333,True,0.20195969520193452,2.038707733154297,2.038707733154297,15.031866562724929,True,0.3672667474083046,0.15716781009631534,15.031866562724929,True,0.3672667474083046,0.15716781009631534
2,471147,3828,39,pd_d192_k3_eval,0,80.02587950165555,False,132.35686134437864,False,0.26426101624030107,41.5679931640625,115.1057357788086,106.71355615501749,False,0.29351615017944643,0.13476744187039694,80.02587950165555,False,0.6187562084023156,0.0
2,471147,3828,39,pd_d192_k3_eval,1,43.621961180324824,False,66.63967567588354,False,0.10128505214666465,14.063190460205078,39.40654754638672,43.621961180324824,False,0.777451749463883,0.0,43.621961180324824,False,0.7817073523039145,0.0
2,471147,3828,39,pd_d192_k3_eval,2,10.995110947363937,True,19.361814819340903,True,0.05349533688738989,4.944736480712891,14.706932067871094,13.24490564831172,True,0.8960779564217379,0.014384819553345557,80.13998230336307,False,0.9030833675929734,0.4421010046278105
2,471147,3828,39,pd_d192_k3_eval,4,7.042718433663804,True,16.55825663117648,True,0.07122881282879968,3.865474224090576,12.682633399963379,30.519437290148492,False,0.7329303658929543,0.17573559987390008,36.82621495605053,False,0.5350783897598863,0.22294515088330236
2,471147,3828,39,pd_d192_k3_eval,9,1.5143549313026203,True,18.36286994998993,True,0.16124029590407096,3.080451250076294,13.109003067016602,11.04104750777792,True,0.5085069834109268,0.09117045201397649,15.78771713129194,True,0.6030018111312349,0.13659608233245754
2,471147,3828,39,pd_d192_k3_eval,19,0.9923462009792955,True,10.675625278113182,True,0.17086674904134969,2.3406293392181396,15.058467864990234,9.383093232359219,True,0.2798648873876376,0.14805931501713962,27.8823358112605,False,0.4096072178579762,0.47448855598039386
2,471147,3828,39,pd_d192_k3_eval,29,0.3367664565662237,True,2.092684296215925,True,0.06946315598075403,2.1517059803009033,15.00375747680664,6.317535274834509,True,0.5298476649740553,0.23659596589728776,13.915944150297708,True,0.254302825586951,0.5371848938092805
2,471147,3828,39,iter2_multistep_eval,0,80.02587950165555,False,110.33403527340754,False,0.15305013899192219,55.41032791137695,106.9273910522461,80.02587950165555,False,0.5473776375293059,0.0,80.02587950165555,False,0.6187562084023156,0.0
2,471147,3828,39,iter2_multistep_eval,1,37.26951774791017,False,55.419346332168395,False,0.08498952129290732,18.920124053955078,37.71977996826172,37.26951774791017,False,0.9328734763719596,0.0,37.26951774791017,False,0.8604326714741275,0.0
2,471147,3828,39,iter2_multistep_eval,2,11.984943392235571,True,39.297817407797766,False,0.16082894394637584,13.528682708740234,16.602500915527344,28.59085941753698,False,0.8734185935399281,0.09778216441410448,78.26183676446205,False,0.7578333092589918,0.39026441388146743
2,471147,3828,39,iter2_multistep_eval,4,4.554357330398003,True,15.960720052818615,True,0.05382650665273892,12.863822937011719,14.870405197143555,14.094879586390597,True,0.6745532728141422,0.0450216249631775,16.91423701026195,True,0.528806320070223,0.0583261432242148
2,471147,3828,39,iter2_multistep_eval,9,2.894357829958342,True,19.73054770837698,True,0.1084442354562055,10.174989700317383,13.617776870727539,19.27154008532943,True,0.6561366237402637,0.10548770365718084,21.035301027358646,False,0.5799299992222136,0.11684833265145542
2,471147,3828,39,iter2_multistep_eval,19,3.288525359935269,True,17.482813881092635,True,0.23246742413175753,8.237760543823242,13.542673110961914,18.357649674671666,True,0.10555717285747622,0.24679507593117275,24.371268866891665,False,-0.2099707774530828,0.34528332077986185
2,471147,3828,39,iter2_multistep_eval,29,2.800042303624717,True,19.994859485471355,True,0.4522519861482329,7.510337829589844,12.885293960571289,15.99158861098376,True,-0.15741419349103875,0.3469593747218199,18.925477081257302,True,-0.16228135868176316,0.42412546923659233
2,471147,3828,39,pd_d192_k10_eval,0,80.02587950165555,False,116.30045179022508,False,0.18317935186978776,104.06536865234375,104.06536865234375,80.02587950165555,False,0.6187562084023156,0.0,80.02587950165555,False,0.6187562084023156,0.0
2,471147,3828,39,pd_d192_k10_eval,1,35.84223868613793,False,55.65753916791199,False,0.09131340118956638,30.320646286010742,30.320646286010742,35.84223868613793,False,0.830303003366704,0.0,35.84223868613793,False,0.830303003366704,0.0
2,471147,3828,39,pd_d192_k10_eval,2,17.32567219502949,True,47.263237202658495,False,0.19015983219496482,13.12894058227539,13.12894058227539,80.30324247208362,False,0.7972866365181835,0.4000259938602027,80.30324247208362,False,0.7972866365181835,0.4000259938602027
2,471147,3828,39,pd_d192_k10_eval,4,19.615559645111652,True,63.990742466439556,False,0.24133265138627533,10.255857467651367,10.255857467651367,98.8033628859219,False,0.3266991855465061,0.4306596908120084,98.8033628859219,False,0.3266991855465061,0.4306596908120084
2,471147,3828,39,pd_d192_k10_eval,9,50.3969885548579,False,128.87402825184915,False,0.49198828610600737,7.215344429016113,7.215344429016113,91.73459091727851,False,0.22664474049711666,0.25915371192064324,91.73459091727851,False,0.22664474049711666,0.25915371192064324
2,471147,3828,39,pd_d192_k10_eval,19,65.01527871516163,False,124.72305304586483,False,0.5575092356481138,5.118946552276611,5.118946552276611,137.72171503894705,False,0.21914243491594354,0.6788816062220565,137.72171503894705,False,0.21914243491594354,0.6788816062220565
2,471147,3828,39,pd_d192_k10_eval,29,109.1854418852061,False,125.31802353420169,False,0.310367699808146,3.7482759952545166,3.7482759952545166,124.20413679296702,False,0.09263214035711509,0.28893811877482645,124.20413679296702,False,0.09263214035711509,0.28893811877482645
3,848701,6847,14,pd_d192_k3_eval,0,159.308348136774,False,247.4123089241018,False,0.4346200788173754,338.587646484375,287.0950927734375,171.54791503555447,False,-0.0921903576706408,0.060378233653754596,246.84796325687873,False,-0.2040302670029667,0.4318361408856767
3,848701,6847,14,pd_d192_k3_eval,1,163.61725635661224,False,254.41538233734576,False,0.4581400838070662,332.1856384277344,284.0397033691406,193.01426447377293,False,-0.13797531083678705,0.14832847723454962,237.66813480467783,False,-0.3331383682040912,0.3736385007041042
3,848701,6847,14,pd_d192_k3_eval,2,115.98658852460211,False,272.0314647958955,False,0.6709858014465996,327.7454833984375,290.35382080078125,115.98658852460211,False,-0.30592028800320004,0.0,240.52658288145273,False,-0.044097823309147896,0.535516256108303
3,848701,6847,14,pd_d192_k3_eval,4,219.11661629577424,False,314.1781743445578,False,0.5324443802506197,318.8304443359375,303.81744384765625,327.39556904974427,False,-0.4376124179157546,0.6064756466929319,252.3062642456128,False,0.3605804508938988,0.18589682197633797
3,848701,6847,14,pd_d192_k3_eval,9,317.7475876267877,False,377.7124570429031,False,0.41024422974731745,273.30889892578125,229.91177368164062,344.00571139107575,False,-0.07179413104590054,0.17964257844935896,344.00571139107575,False,-0.3205880065334059,0.17964257844935896
3,848701,6847,14,pd_d192_k3_eval,19,207.75292434351977,False,242.35933954618795,False,0.37786932488318603,190.33721923828125,200.97836303710938,227.75613390987436,False,0.34588784319825777,0.21841613036395993,249.91763155869344,False,-0.26748030533672595,0.46039872538044474
3,848701,6847,14,pd_d192_k3_eval,29,181.7040393557312,False,208.6569997655305,False,0.5190458787832639,184.2724609375,205.94935607910156,202.60744769120046,False,0.06881809797886644,0.40254679946416483,224.6802746528127,False,-0.387879865331837,0.8276136453070277
3,848701,6847,14,iter2_multistep_eval,0,159.308348136774,False,199.13357031967155,False,0.19645928570489413,314.6921081542969,344.32373046875,203.6414153256916,False,0.6015480172001912,0.218696650907376,246.84796325687873,False,-0.2040302670029667,0.4318361408856767
3,848701,6847,14,iter2_multistep_eval,1,95.83964870898505,False,148.29549930285384,False,0.260891519285512,290.65045166015625,351.3282165527344,95.83964870898505,False,0.7589346548294981,0.0,103.85431945753318,False,-0.709451438349315,0.039861323465151685
3,848701,6847,14,iter2_multistep_eval,2,69.83109958217881,False,99.89355347767825,False,0.16832839336402883,241.8370361328125,283.32537841796875,73.54682587364839,False,0.7854749497216637,0.020805428558750866,69.83109958217881,False,0.18876431960355114,0.0
3,848701,6847,14,iter2_multistep_eval,4,8.719257952576916,True,29.48764276690898,False,0.09504541919287919,93.04415130615234,63.638545989990234,47.312930614924994,False,0.8339594884387603,0.1766219101378687,8.719257952576916,True,0.8993037700418894,0.0
3,848701,6847,14,iter2_multistep_eval,9,6.6604927385297605,True,25.165324598499772,True,0.12352854717648375,17.01382827758789,25.93687629699707,26.87811056682493,True,0.4679371993022145,0.13496220752490132,26.87811056682493,True,0.7770748563872932,0.13496220752490132
3,848701,6847,14,iter2_multistep_eval,19,5.022066423594403,True,39.32493903694252,False,0.27738583275851486,10.46424388885498,17.06257438659668,26.333373712600554,True,-0.0663425149168324,0.1723311859670109,15.856050228952222,True,0.5527514750163891,0.08760763723245867
3,848701,6847,14,iter2_multistep_eval,29,8.21118768942665,True,39.204622704462835,False,0.5050907264528499,9.947057723999023,16.310184478759766,39.90216052605669,False,-0.0015551283903154378,0.516458291386077,23.59159609064882,True,0.6585473171924132,0.2506499085611519
3,848701,6847,14,pd_d192_k10_eval,0,159.308348136774,False,252.40308281027123,False,0.45923974994660616,283.41473388671875,283.41473388671875,246.84796325687873,False,-0.2040302670029667,0.4318361408856767,246.84796325687873,False,-0.2040302670029667,0.4318361408856767
3,848701,6847,14,pd_d192_k10_eval,1,161.17356178679518,False,244.9228335502599,False,0.40129482935559097,276.62481689453125,276.62481689453125,243.26075738975518,False,-0.13859620662451808,0.3933307891297904,243.26075738975518,False,-0.13859620662451808,0.3933307891297904
3,848701,6847,14,pd_d192_k10_eval,2,119.20277337999353,False,245.7822540641302,False,0.5411130172120384,268.4873046875,268.4873046875,241.74558640878516,False,-0.2070974121934688,0.523856717828755,241.74558640878516,False,-0.2070974121934688,0.523856717828755
3,848701,6847,14,pd_d192_k10_eval,4,126.54033566117702,False,227.60104795492992,False,0.435255103704776,251.9194793701172,251.9194793701172,208.62772407950962,False,-0.18398071089678777,0.3535395105372138,208.62772407950962,False,-0.18398071089678777,0.3535395105372138
3,848701,6847,14,pd_d192_k10_eval,9,10.571431945353295,True,87.0360073001915,False,0.38089906206248936,113.324951171875,113.324951171875,48.841646170972,False,0.5896229958110646,0.19063845755793313,48.841646170972,False,0.5896229958110646,0.19063845755793313
3,848701,6847,14,pd_d192_k10_eval,19,20.209992025381705,True,81.28647942569489,False,0.4251472879944613,58.39790344238281,58.39790344238281,78.52051215272364,False,-0.0069022989144323635,0.40589366790531495,78.52051215272364,False,-0.0069022989144323635,0.40589366790531495
3,848701,6847,14,pd_d192_k10_eval,29,19.605699453991843,True,84.29140007291058,False,0.6121174412676376,50.12029266357422,50.12029266357422,82.83966998709582,False,-0.08673118590206555,0.5983797945074155,82.83966998709582,False,-0.08673118590206555,0.5983797945074155
4,1049810,8454,45,pd_d192_k3_eval,0,169.58701353009533,False,214.27642521544146,False,0.23362587177069447,343.14825439453125,275.058349609375,237.88487257639582,False,0.5860029555883954,0.35704535499616025,256.2852164153665,False,-0.02547183857598417,0.4532380818220909
4,1049810,8454,45,pd_d192_k3_eval,1,148.34244202155418,False,217.18988267486773,False,0.4168279153599008,330.1380920410156,271.50347900390625,222.1913003738822,False,0.2824902498916655,0.4471083512561621,245.57765311762262,False,-0.3120056889520995,0.5886979959770433
4,1049810,8454,45,pd_d192_k3_eval,2,155.8335203304888,False,229.02724323009988,False,0.478679164012114,315.8749694824219,273.0700988769531,241.85344896556308,False,-0.012200135557061733,0.5625611855253485,230.0220834201097,False,-0.5915590173224147,0.4851853130589756
4,1049810,8454,45,pd_d192_k3_eval,4,156.9448021731608,False,240.97563594799954,False,0.4870762280140563,302.29193115234375,268.680908203125,235.91435680712232,False,0.010324114712385715,0.4577390354369804,230.68421836888777,False,-0.39300836675963063,0.4274230670233789
4,1049810,8454,45,pd_d192_k3_eval,9,177.69505963555946,False,244.00674293713826,False,0.5447548563899082,277.7427673339844,266.2794494628906,255.43473514214216,False,0.0011751241680463117,0.6386365668593763,222.37097023432275,False,-0.23355815064611826,0.3670155551870636
4,1049810,8454,45,pd_d192_k3_eval,19,216.12560385534732,False,278.3802475433079,False,0.6528024852307809,234.53179931640625,267.8541259765625,285.25047319097956,False,-0.06521094678829767,0.7248437035433617,284.4183026478558,False,0.254399715552395,0.7161175593313742
4,1049810,8454,45,pd_d192_k3_eval,29,286.20555080140866,False,300.2380243798767,False,0.4227781159186591,216.43460083007812,278.2364807128906,302.48598843780485,False,0.06587895421060233,0.4905060188966509,297.0158353457409,False,-0.057787753197257735,0.32569822466726817
4,1049810,8454,45,iter2_multistep_eval,0,169.58701353009533,False,254.19135853453864,False,0.4422918788105898,360.2671813964844,290.06781005859375,213.61315231922327,False,-0.27555195057722864,0.23015843501650557,256.2852164153665,False,-0.02547183857598417,0.4532380818220909
4,1049810,8454,45,iter2_multistep_eval,1,169.79702054530514,False,264.88155575288795,False,0.4458783687315267,356.69207763671875,302.302001953125,226.03222695421496,False,-0.10123045811620128,0.2637028413100535,250.96303410077442,False,0.16554939499327767,0.3806104708988211
4,1049810,8454,45,iter2_multistep_eval,2,164.87091557878162,False,305.0528796485633,False,0.6733676212369314,327.8725891113281,299.564697265625,236.26910274556485,False,-0.39784575384170934,0.34296300363714044,238.20745954295546,False,0.11632884809831218,0.3522739496952055
4,1049810,8454,45,iter2_multistep_eval,4,213.77342715655996,False,352.22025961678975,False,0.448704368548475,299.2262878417969,288.61474609375,299.39075213326623,False,-0.4677523083589819,0.27748462754839975,415.69916782350015,False,-0.6356515072389695,0.6544386776466676
4,1049810,8454,45,iter2_multistep_eval,9,161.2795153743928,False,218.8967061289656,False,0.33650871895031764,190.83349609375,211.31182861328125,205.47872637825307,False,0.2847698307758975,0.2581420523759807,221.2939076901517,False,0.08655651729463663,0.3505093881231099
4,1049810,8454,45,iter2_multistep_eval,19,141.1942923209613,False,207.8162952166412,False,0.6122027435923908,117.833984375,173.74276733398438,197.70017919968794,False,0.03305903398926655,0.5192437554068328,172.4989106201307,False,0.3151723908043423,0.2876643207481053
4,1049810,8454,45,iter2_multistep_eval,29,158.15907583609422,False,189.49975528196123,False,0.5486207589018127,102.67640686035156,173.39378356933594,188.09069403414892,False,-0.004376937521528003,0.5239550444124651,178.49316688131518,False,0.2518356870631896,0.355949668547432
4,1049810,8454,45,pd_d192_k10_eval,0,169.58701353009533,False,243.1166146228695,False,0.38439568811517055,272.07110595703125,272.07110595703125,256.2852164153665,False,-0.02547183857598417,0.4532380818220909,256.2852164153665,False,-0.02547183857598417,0.4532380818220909
4,1049810,8454,45,pd_d192_k10_eval,1,172.16800797239014,False,250.88013409338308,False,0.4395046681211558,263.6370544433594,263.6370544433594,236.81442383266008,False,-0.016687296525516947,0.3609660029283903,236.81442383266008,False,-0.016687296525516947,0.3609660029283903
4,1049810,8454,45,pd_d192_k10_eval,2,174.15101069905927,False,252.54100567882418,False,0.4914929555809549,258.0891418457031,258.0891418457031,235.71855408580487,False,0.1302734474827498,0.386018826443622,235.71855408580487,False,0.1302734474827498,0.386018826443622
4,1049810,8454,45,pd_d192_k10_eval,4,181.1988701195892,False,253.9723538972215,False,0.41371119264945816,244.87879943847656,244.87879943847656,264.59859629985766,False,0.032206135623729176,0.4741204954555452,264.59859629985766,False,0.032206135623729176,0.4741204954555452
4,1049810,8454,45,pd_d192_k10_eval,9,210.6675437545806,False,268.4309658648974,False,0.4874703644963434,224.04090881347656,224.04090881347656,266.80114923830985,False,0.03232747030522561,0.4737162052724053,266.80114923830985,False,0.03232747030522561,0.4737162052724053
4,1049810,8454,45,pd_d192_k10_eval,19,222.95557335467672,False,266.6908594214,False,0.6364223698925332,211.46290588378906,211.46290588378906,262.71089311394195,False,-0.08154757275080834,0.578507129881971,262.71089311394195,False,-0.08154757275080834,0.578507129881971
4,1049810,8454,45,pd_d192_k10_eval,29,248.1162438367234,False,264.0957239978708,False,0.545257632618288,207.4557342529297,207.4557342529297,264.6091998110967,False,0.12809297881087567,0.5627786410305045,264.6091998110967,False,0.12809297881087567,0.5627786410305045
5,1122504,9098,3,pd_d192_k3_eval,0,85.05900858459383,False,122.87793706030756,False,0.18585470323142766,230.6077880859375,333.78179931640625,94.69437761115343,False,0.5092065467394082,0.04735138522252192,87.25754094561016,False,0.7409135657062855,0.010804314029250646
5,1122504,9098,3,pd_d192_k3_eval,1,45.28476916465624,False,59.84122114324444,False,0.0658289295610787,174.58290100097656,152.8087921142578,47.56133867472249,False,0.7515945732730364,0.010295375146326407,54.41668139637869,False,0.9243844931610352,0.04129742659435573
5,1122504,9098,3,pd_d192_k3_eval,2,44.5532490049633,False,51.03996014212281,False,0.04570808392416554,149.2200927734375,103.81253051757812,61.004238852525816,False,0.8296563295147724,0.11592056570554396,49.94137418332965,False,0.9169772997477749,0.037966987066195064
5,1122504,9098,3,pd_d192_k3_eval,4,45.609885554147326,False,52.199796387823866,False,0.06334709125433591,145.55410766601562,100.62472534179688,49.62075884416345,False,0.7139159323992488,0.03855547711113398,56.57295490348704,False,0.892549028322537,0.10538512159394166
5,1122504,9098,3,pd_d192_k3_eval,9,37.44480066628024,False,50.148155583732226,False,0.13505764959379385,85.003662109375,83.7658462524414,46.17778500550425,False,0.7013322370248559,0.092846051020322,46.187088982397526,False,0.8338177090856564,0.09294496766551114
5,1122504,9098,3,pd_d192_k3_eval,19,7.704498810240561,True,46.47109854542426,False,0.2833677457520762,15.855012893676758,67.39263916015625,45.576483682287105,False,0.39741330459227325,0.27682848260247883,39.65716282276363,False,0.6708194535494839,0.23356070519088165
5,1122504,9098,3,pd_d192_k3_eval,29,3.595680434587954,True,49.11259483739668,False,0.7184202926368718,6.3537139892578125,71.36189270019531,49.777162764076564,False,0.1797624418049089,0.7289095599922394,6.849982614235569,True,0.9132790364337381,0.05136456974084738
5,1122504,9098,3,iter2_multistep_eval,0,85.05900858459383,False,113.19751257360008,False,0.13828190059936393,170.88140869140625,305.82537841796875,85.05900858459383,False,0.6959112879031989,0.0,87.25754094561016,False,0.7409135657062855,0.010804314029250646
5,1122504,9098,3,iter2_multistep_eval,1,42.60769308191793,False,59.20532496388769,False,0.07990386620327397,101.35275268554688,143.1321258544922,53.61674555850739,False,0.8652678363092924,0.05299947982759032,42.60769308191793,False,0.9429100323336926,0.0
5,1122504,9098,3,iter2_multistep_eval,2,42.089087688398855,False,49.33743623811139,False,0.05110227422021577,96.1773681640625,102.09996795654297,49.696897366848134,False,0.8797444416049067,0.05363654544713436,49.94697884924632,False,0.9137981533128143,0.05539966878526592
5,1122504,9098,3,iter2_multistep_eval,4,45.16858729421849,False,49.97408504737008,False,0.047612356831092315,91.38113403320312,97.67292785644531,48.15672783826203,False,0.8444729385882065,0.029606176332337,49.80496956199482,False,0.9152488360981789,0.045936778722649806
5,1122504,9098,3,iter2_multistep_eval,9,45.077113438626796,False,51.04372938015107,False,0.07686751076836727,74.42459106445312,94.17138671875,49.04757272039943,False,0.7646262736252625,0.05115115914751726,47.03024121520683,False,0.8436333737041524,0.025162013420945786
5,1122504,9098,3,iter2_multistep_eval,19,44.0381260900799,False,54.18779796437135,False,0.24561372614754287,52.740013122558594,77.96697235107422,55.15626240416056,False,0.3540190446560517,0.2690497704496771,52.37676665932734,False,0.74714252380582,0.2017882554810087
5,1122504,9098,3,iter2_multistep_eval,29,43.65864765776455,False,50.023399959296746,False,0.17462513164407595,38.84613800048828,90.33987426757812,51.79539969133768,False,0.41832864809609,0.22324221394693697,47.394107411363436,False,0.6030764786275404,0.10248712287928671
5,1122504,9098,3,pd_d192_k10_eval,0,85.05900858459383,False,113.369926090769,False,0.13912919755774006,273.0423889160156,273.0423889160156,87.25754094561016,False,0.7409135657062855,0.010804314029250646,87.25754094561016,False,0.7409135657062855,0.010804314029250646
5,1122504,9098,3,pd_d192_k10_eval,1,46.18044128861435,False,62.42524955290115,False,0.07834113537591504,131.16571044921875,131.16571044921875,46.49605000010662,False,0.9310596784408716,0.0015220336485713434,46.49605000010662,False,0.9310596784408716,0.0015220336485713434
5,1122504,9098,3,pd_d192_k10_eval,2,45.3104095602438,False,46.26956677205615,False,0.00632789039283596,64.77027893066406,64.77027893066406,48.7674972586023,False,0.9272645251613906,0.02280759792474343,48.7674972586023,False,0.9272645251613906,0.02280759792474343
5,1122504,9098,3,pd_d192_k10_eval,4,43.38577197238196,False,51.3060253089337,False,0.06099117044121632,58.32872009277344,58.32872009277344,56.04787826719896,False,0.807566306292292,0.09750656328225606,56.04787826719896,False,0.807566306292292,0.09750656328225606
5,1122504,9098,3,pd_d192_k10_eval,9,45.334544248151,False,51.95661205575055,False,0.048322693298997355,47.1182861328125,47.1182861328125,55.23708917244468,False,0.6862174024155825,0.07226106031518362,55.23708917244468,False,0.6862174024155825,0.07226106031518362
5,1122504,9098,3,pd_d192_k10_eval,19,37.62256986296942,False,53.92515129734436,False,0.31343537676901967,33.66092300415039,33.66092300415039,54.947640240786335,False,0.24834409271214125,0.3330938712546926,54.947640240786335,False,0.24834409271214125,0.3330938712546926
5,1122504,9098,3,pd_d192_k10_eval,29,45.50700174145067,False,55.60696141771158,False,0.3078063966550416,27.789222717285156,27.789222717285156,54.075240794550695,False,-0.008697874420826906,0.2611256750670609,54.075240794550695,False,-0.008697874420826906,0.2611256750670609
6,1160225,9474,0,pd_d192_k3_eval,0,140.92838667094017,False,222.57588447004784,False,0.43306472043042943,292.3276672363281,256.8568115234375,199.72226675709433,False,-0.12453071700796675,0.3118473428932052,201.81440238689962,False,0.6426471405237836,0.32294419406497576
6,1160225,9474,0,pd_d192_k3_eval,1,145.59261977367274,False,212.00202039683046,False,0.3840892963897419,292.56658935546875,256.757568359375,231.0031240865759,False,0.1433611484572051,0.4939851918253335,211.51150417568832,False,0.783995822175802,0.3812523180632044
6,1160225,9474,0,pd_d192_k3_eval,2,129.26713771037524,False,194.7343413420109,False,0.40410735294748235,292.74346923828125,258.19500732421875,210.39844422143014,False,0.0786168735208169,0.500796669120448,133.3001728820493,False,0.8116232402582252,0.024894589613748942
6,1160225,9474,0,pd_d192_k3_eval,4,107.25397202374755,False,214.13734509177357,False,0.6346662081399159,251.05198669433594,192.45779418945312,210.00759785329706,False,-0.09828286980966452,0.6101440495928421,191.47954402716692,False,0.24112312359026214,0.5001257246794043
6,1160225,9474,0,pd_d192_k3_eval,9,146.69483002167152,False,229.67291362997634,False,0.568032544824927,216.48434448242188,198.00624084472656,265.2749434804239,False,0.18517361304014493,0.811748846015314,187.53621450668106,False,0.49812686807631196,0.2795826868297472
6,1160225,9474,0,pd_d192_k3_eval,19,219.03649857108735,False,239.8602195155768,False,0.40422186569418583,157.7012939453125,197.48348999023438,235.68517434979339,False,0.022818475760841818,0.3231775340509949,220.66749665476254,False,-0.13162235135945957,0.03166029212955308
6,1160225,9474,0,pd_d192_k3_eval,29,167.92813886006323,False,205.61621987606364,False,0.5858989847031912,123.22944641113281,153.02476501464844,201.6053497607896,False,0.28503383370926344,0.5235459896722754,214.5466651672628,False,-0.24785519839109327,0.7247317054999759
6,1160225,9474,0,iter2_multistep_eval,0,140.92838667094017,False,237.68626025611783,False,0.5132113365765111,225.45382690429688,268.3577880859375,253.6697309854455,False,-0.09368370759675108,0.5979889166553938,201.81440238689962,False,0.6426471405237836,0.32294419406497576
6,1160225,9474,0,iter2_multistep_eval,1,164.73013958970373,False,249.4079077287482,False,0.488105659774152,224.65359497070312,278.0235900878906,259.1185608390263,False,0.22703852265025168,0.5440805023733006,187.06968922620038,False,0.8036884854276158,0.12877123304046806
6,1160225,9474,0,iter2_multistep_eval,2,174.51321471054055,False,250.33446783465905,False,0.47347330105182045,221.38400268554688,276.3294677734375,252.65225624780237,False,0.10394471049678332,0.4879469596355711,211.29914302276745,False,0.8194037711530128,0.2297133612620991
6,1160225,9474,0,iter2_multistep_eval,4,177.266150137616,False,256.29207237248914,False,0.45343154511951733,212.41062927246094,270.8651123046875,284.78260028726464,False,0.15467905198946655,0.6169032734882451,213.91811076042035,False,0.8357106190068779,0.2103000467044731
6,1160225,9474,0,iter2_multistep_eval,9,211.86783942888704,False,261.6963366081077,False,0.45020580237547675,195.1287841796875,268.1861572265625,251.6835069217824,False,0.24756052845031612,0.35973881504556554,226.5490403093769,False,0.9313036811520128,0.13264622046423655
6,1160225,9474,0,iter2_multistep_eval,19,235.9785387285432,False,257.8276528674689,False,0.4776799874220884,180.29331970214844,255.70741271972656,257.60224117904346,False,0.1581808686763186,0.4727518859069785,235.9785387285432,False,0.9340877120856899,0.0
6,1160225,9474,0,iter2_multistep_eval,29,244.19073900868824,False,252.48047720611146,False,0.40131261144746877,176.70396423339844,248.647216796875,252.90940120900854,False,0.2005275614173491,0.4220771528136404,248.19526088826717,False,0.8776110845676065,0.19386198874071642
6,1160225,9474,0,pd_d192_k10_eval,0,140.92838667094017,False,201.0219680459829,False,0.31874106028183224,242.32693481445312,242.32693481445312,201.81440238689962,False,0.6426471405237836,0.32294419406497576,201.81440238689962,False,0.6426471405237836,0.32294419406497576
6,1160225,9474,0,pd_d192_k10_eval,1,136.69997326482977,False,194.70955394485367,False,0.35383379882254706,241.7169189453125,241.7169189453125,156.45755656837213,False,0.49114723496927737,0.12051286483876791,156.45755656837213,False,0.49114723496927737,0.12051286483876791
6,1160225,9474,0,pd_d192_k10_eval,2,106.10539467438522,False,193.3380205425741,False,0.5084330484900514,237.85537719726562,237.85537719726562,192.82129305714744,False,0.19006388959877332,0.5054213160328507,192.82129305714744,False,0.19006388959877332,0.5054213160328507
6,1160225,9474,0,pd_d192_k10_eval,4,134.46561451008367,False,182.40925482071745,False,0.32121314932582423,237.90518188476562,237.90518188476562,201.6701504278529,False,-0.037015522394693266,0.450257437509166,201.6701504278529,False,-0.037015522394693266,0.450257437509166
6,1160225,9474,0,pd_d192_k10_eval,9,124.95280522875206,False,189.0235009615993,False,0.5219194030155544,222.4482421875,222.4482421875,188.24459555919773,False,0.050349003877820875,0.5155744454967209,188.24459555919773,False,0.050349003877820875,0.5155744454967209
6,1160225,9474,0,pd_d192_k10_eval,19,122.55922779415714,False,186.65359446031135,False,0.5714500834010864,181.29005432128906,181.29005432128906,206.68447705890924,False,0.07934577050856122,0.7500406542571468,206.68447705890924,False,0.07934577050856122,0.7500406542571468
6,1160225,9474,0,pd_d192_k10_eval,29,201.49247972637477,False,223.35711686907757,False,0.5328508204782653,165.2999267578125,165.2999267578125,216.49280207529313,False,-0.10389093212146802,0.36556445089358375,216.49280207529313,False,-0.10389093212146802,0.36556445089358375
7,1208937,9886,77,pd_d192_k3_eval,0,54.52533484338159,False,68.65345529612662,False,0.09241224761613186,335.8138427734375,294.1668395996094,156.7775542875924,False,0.30045000500005553,0.6688332998138826,96.8174844453255,False,0.7241644907165635,0.2766335843685397
7,1208937,9886,77,pd_d192_k3_eval,1,57.50001991658884,False,97.03384681911129,False,0.28270479878688903,335.5118408203125,282.8989562988281,87.5206313000825,False,0.0072263025144723575,0.21467617899871097,89.64112828863469,False,0.5396588850987233,0.22983976728362357
7,1208937,9886,77,pd_d192_k3_eval,2,56.12631322035561,False,107.51459096711122,False,0.2942796590097636,328.766845703125,283.8125,82.31447444153882,False,0.03455860620673563,0.14996889353329354,141.90793272288738,False,0.4698416649073879,0.4912362671680333
7,1208937,9886,77,pd_d192_k3_eval,4,58.99744013488974,False,96.3989270601178,False,0.23962910814107566,294.3960876464844,291.5211486816406,103.79221454422276,False,0.17518994655496173,0.28699746249523467,69.20155864982486,False,0.41214724608051195,0.0653771820352522
7,1208937,9886,77,pd_d192_k3_eval,9,59.92126386769472,False,104.91050892622003,False,0.39949116874383306,252.4520263671875,292.942626953125,100.94362786978922,False,0.32494938832653697,0.3642664400905788,88.86317053720686,False,0.28107956755075053,0.2569955576279974
7,1208937,9886,77,pd_d192_k3_eval,19,110.90131742574049,False,165.93342687127296,False,0.4424791148582183,181.3030548095703,268.639892578125,173.5735726869761,False,0.14212557917310192,0.5039087964019717,126.21221861591822,False,-0.2748221646907188,0.12310547559542005
7,1208937,9886,77,pd_d192_k3_eval,29,140.6913142513335,False,166.61761686877077,False,0.44901819092403433,172.656982421875,269.3560791015625,162.57289503185152,False,-0.08699341103790041,0.37896756670649057,170.8336067966766,False,-0.3070718563539595,0.5220350108815788
7,1208937,9886,77,iter2_multistep_eval,0,54.52533484338159,False,57.530398944951166,False,0.01965616932453598,272.7307434082031,288.80291748046875,88.34096592341481,False,0.8072343026033623,0.22118854968118745,96.8174844453255,False,0.7241644907165635,0.2766335843685397
7,1208937,9886,77,iter2_multistep_eval,1,56.429657939848255,False,60.46087559341037,False,0.028304678580864332,274.779296875,285.7353515625,77.81219474916514,False,0.713624818053534,0.15013474429901286,78.97441728734809,False,0.5393837709307882,0.15829514103512962
7,1208937,9886,77,iter2_multistep_eval,2,56.35988663957018,False,60.244589756833534,False,0.025858440259362125,274.48126220703125,285.36785888671875,92.2959492751491,False,0.7053456149512772,0.23920760500056926,77.625405186296,False,0.5279525328059201,0.14155345320500284
7,1208937,9886,77,iter2_multistep_eval,4,57.43188680265845,False,69.47959025539872,False,0.10046931813095837,272.56793212890625,271.8399658203125,78.57446589593255,False,0.48692363248480536,0.17631414263835954,128.8561386969141,False,0.3804628940321559,0.5956276990032896
7,1208937,9886,77,iter2_multistep_eval,9,47.00699493217813,False,165.17898514582185,False,0.5659411447305409,212.4993438720703,229.9707489013672,147.2047208846325,False,-0.4199557772864143,0.47986003808863653,91.26476294202445,False,0.2520156890632118,0.21195624991529732
7,1208937,9886,77,iter2_multistep_eval,19,43.86210870356377,False,162.05780524122923,False,0.7138235350306621,177.9281768798828,218.1005859375,170.1522349377449,False,-0.39602395582173133,0.7627085163733011,77.03989314172384,False,0.6259256213957932,0.20037179073254677
7,1208937,9886,77,iter2_multistep_eval,29,74.3566998700842,False,170.33022079021663,False,0.8187348004765697,158.93402099609375,210.5286102294922,170.77863204738523,False,-0.2996206624518051,0.8225601253958763,145.81995715967076,False,0.30360959566217405,0.6096416505036427
7,1208937,9886,77,pd_d192_k10_eval,0,54.52533484338159,False,58.34446865736538,False,0.024981011513703397,264.16339111328125,264.16339111328125,96.8174844453255,False,0.7241644907165635,0.2766335843685397,96.8174844453255,False,0.7241644907165635,0.2766335843685397
7,1208937,9886,77,pd_d192_k10_eval,1,56.79151421814575,False,74.59320782894085,False,0.11374851138874754,253.47528076171875,253.47528076171875,94.4128983821011,False,0.3189102101134458,0.24039153456944523,94.4128983821011,False,0.3189102101134458,0.24039153456944523
7,1208937,9886,77,pd_d192_k10_eval,2,60.00782310763961,False,80.47239158256912,False,0.10739782752805253,246.7258758544922,246.7258758544922,93.95415992119379,False,0.2279585328725875,0.17814999767904127,93.95415992119379,False,0.2279585328725875,0.17814999767904127
7,1208937,9886,77,pd_d192_k10_eval,4,61.885683822950625,False,84.67934037446271,False,0.14155326117335443,228.05087280273438,228.05087280273438,134.67501115712983,False,0.33043700485560945,0.45203658480518505,134.67501115712983,False,0.33043700485560945,0.45203658480518505
7,1208937,9886,77,pd_d192_k10_eval,9,47.11651303066012,False,85.02150319966825,False,0.19080901641157114,182.80813598632812,182.80813598632812,71.93947522776068,False,0.12338670429671442,0.12495571111169902,71.93947522776068,False,0.12338670429671442,0.12495571111169902
7,1208937,9886,77,pd_d192_k10_eval,19,51.56645121502771,False,79.537916547235,False,0.3734489460707978,148.1875762939453,148.1875762939453,74.51529182329855,False,0.0395048833875932,0.30639153998262053,74.51529182329855,False,0.0395048833875932,0.30639153998262053
7,1208937,9886,77,pd_d192_k10_eval,29,53.61797944421049,False,71.40670453367478,False,0.5649717919855078,129.80638122558594,129.80638122558594,71.21426954326368,False,-0.18395626618073532,0.5588600363185621,71.21426954326368,False,-0.18395626618073532,0.5588600363185621
8,1592285,12683,4,pd_d192_k3_eval,0,53.03743256718896,False,87.14683433534593,False,0.1472358752920117,326.3477478027344,340.2090148925781,73.33838640170652,False,0.4271687463194036,0.08763064000372879,59.719872290814614,False,0.3069722996922188,0.028845268776090144
8,1592285,12683,4,pd_d192_k3_eval,1,50.51633395165242,False,74.53147276845634,False,0.13418725887915356,281.7373046875,336.30712890625,82.01030746911778,False,0.2314363492927699,0.17597607949549898,53.83023526412571,False,0.17858420649118323,0.018516792124710333
8,1592285,12683,4,pd_d192_k3_eval,2,49.62625963997317,False,74.60568836960849,False,0.17483688829083072,282.019287109375,333.09271240234375,66.73719098197753,False,0.07232880365337392,0.11976342709730843,57.24036214717819,False,0.14687985422060246,0.053292891678815145
8,1592285,12683,4,pd_d192_k3_eval,4,51.485635482390435,False,69.70262099339476,False,0.12061272365177796,276.98846435546875,315.1129150390625,67.72045720552214,False,0.3371153012811253,0.10748902801976329,72.18941178282435,False,0.24808720096889966,0.1370775009929069
8,1592285,12683,4,pd_d192_k3_eval,9,46.766525935913926,False,60.62595937917519,False,0.1565855434830842,186.93402099609375,284.04254150390625,62.71043247396951,False,0.3345237169301881,0.18013617084173258,62.71043247396951,False,0.7174150823898042,0.18013617084173258
8,1592285,12683,4,pd_d192_k3_eval,19,13.34271641882156,True,17.789440333709223,True,0.046586973343300135,54.137733459472656,99.40052795410156,13.608484881740369,True,0.7703458927321415,0.002784375314157811,13.608484881740369,True,0.5881269791886576,0.002784375314157811
8,1592285,12683,4,pd_d192_k3_eval,29,6.7564481826445215,True,19.119813493112364,True,0.12203938145107854,13.34865951538086,25.332263946533203,24.68632414947445,False,0.4945699396659963,0.17698667939819063,19.366010852530287,True,0.5930630340337115,0.12446960758318296
8,1592285,12683,4,iter2_multistep_eval,0,53.03743256718896,False,83.22884533013095,False,0.13032357221240026,318.73291015625,332.4201354980469,59.42038548920185,False,0.3487900976677519,0.02755251079476941,59.719872290814614,False,0.3069722996922188,0.028845268776090144
8,1592285,12683,4,iter2_multistep_eval,1,52.035240487765556,False,58.526527564997245,False,0.03720055043159803,282.06781005859375,297.1552429199219,75.16621159309422,False,0.46564695163279596,0.13255997568706865,56.41258241385197,False,0.21575128612540143,0.025085861577265448
8,1592285,12683,4,iter2_multistep_eval,2,48.449967492669565,False,52.466683516527546,False,0.03145903651344851,268.577392578125,268.14434814453125,56.8481187825355,False,0.4831200346670519,0.06577456472006207,58.23460161703021,False,0.3877909754552829,0.07663353853264064
8,1592285,12683,4,iter2_multistep_eval,4,48.20036314555095,False,58.202029021784256,False,0.08976989665174069,238.13909912109375,256.344482421875,69.77026014140888,False,0.6625135834842609,0.1936004909650204,76.13374627242978,False,0.6292532139245992,0.2507159254731833
8,1592285,12683,4,iter2_multistep_eval,9,51.71990511825896,False,71.1037441578685,False,0.16988424966436322,180.37551879882812,317.01702880859375,61.45949543446135,False,0.6046164957388415,0.08535992222826831,87.84648403970824,False,0.6062454027266969,0.31662132255997305
8,1592285,12683,4,iter2_multistep_eval,19,37.534433179881106,False,42.90125857408123,False,0.06639542609287148,73.15007019042969,204.2519989013672,37.534433179881106,False,0.7805224502494473,0.0,76.48507752000545,False,0.06762786253180593,0.4818760510355467
8,1592285,12683,4,iter2_multistep_eval,29,12.88086340450776,True,19.718774062677852,True,0.08254710165416654,20.782527923583984,82.68133544921875,15.975403113773917,True,0.7586737630418116,0.037357212856888755,12.88086340450776,True,0.6551495016611296,0.0
8,1592285,12683,4,pd_d192_k10_eval,0,53.03743256718896,False,99.13809839838422,False,0.19899709562004808,346.79742431640625,346.79742431640625,59.719872290814614,False,0.3069722996922188,0.028845268776090144,59.719872290814614,False,0.3069722996922188,0.028845268776090144
8,1592285,12683,4,pd_d192_k10_eval,1,50.33105480764925,False,67.31192368131525,False,0.0952924127989554,296.1950988769531,296.1950988769531,55.80587347980931,False,0.09964466271847462,0.030723320743379204,55.80587347980931,False,0.09964466271847462,0.030723320743379204
8,1592285,12683,4,pd_d192_k10_eval,2,45.15518458731347,False,56.75638689267516,False,0.08837273272913897,240.89015197753906,240.89015197753906,75.27083236614854,False,0.4181699796664407,0.2294074374423992,75.27083236614854,False,0.4181699796664407,0.2294074374423992
8,1592285,12683,4,pd_d192_k10_eval,4,11.07148745297424,True,83.06035116979925,False,0.38154410531552857,88.25425720214844,88.25425720214844,29.615332058379334,False,0.4565819620218002,0.09828318206147572,29.615332058379334,False,0.4565819620218002,0.09828318206147572
8,1592285,12683,4,pd_d192_k10_eval,9,9.63088765027872,True,22.76902693856399,True,0.07342696033321089,32.80797576904297,32.80797576904297,18.746674119251463,True,0.7224435827064745,0.05094667340451389,18.746674119251463,True,0.7224435827064745,0.05094667340451389
8,1592285,12683,4,pd_d192_k10_eval,19,4.052759651886042,True,13.084537155149254,True,0.08111098319324275,12.194982528686523,12.194982528686523,14.218055479800263,True,0.5257080634229269,0.09129068322978397,14.218055479800263,True,0.5257080634229269,0.09129068322978397
8,1592285,12683,4,pd_d192_k10_eval,29,6.092697077566856,True,17.37127212822158,True,0.12488676205280971,4.80400276184082,4.80400276184082,19.081805917735423,True,0.4959050656118401,0.1438273662864895,19.081805917735423,True,0.4959050656118401,0.1438273662864895
9,1903024,15156,68,pd_d192_k3_eval,0,57.467744011920466,False,92.22163016233279,False,0.1639685647451262,285.4834899902344,332.73333740234375,59.986655435163165,False,0.8721416904632274,0.011884204517494177,57.467744011920466,False,0.5864038489316549,0.0
9,1903024,15156,68,pd_d192_k3_eval,1,22.692156527656458,True,56.41636187935804,False,0.18407511010338154,223.59457397460938,254.62205505371094,22.692156527656458,True,0.787736308181202,0.0,22.692156527656458,True,0.8188535428171425,0.0
9,1903024,15156,68,pd_d192_k3_eval,2,22.7802011741264,True,34.511193088632524,False,0.07321542836473174,146.18922424316406,153.3243408203125,35.20006868586018,False,0.8055085056500627,0.07751483648883636,29.42467282045856,False,0.8459662885143169,0.04146945470501624
9,1903024,15156,68,pd_d192_k3_eval,4,16.27139335832408,True,29.492947514822745,False,0.06257609174533117,50.73131561279297,55.54926300048828,17.03290279046503,True,0.8064782942032689,0.003604136361470418,18.404685089579868,True,0.8403804486716518,0.010096623854844174
9,1903024,15156,68,pd_d192_k3_eval,9,7.391413437373187,True,19.43557779967883,True,0.09414076218459147,11.946500778198242,13.468986511230469,17.99163282300008,True,0.6321710241224902,0.08285445982536933,17.99163282300008,True,0.694817053522817,0.08285445982536933
9,1903024,15156,68,pd_d192_k3_eval,19,3.9629794049021223,True,16.58540064569297,True,0.2053920201724489,5.9806389808654785,11.177556037902832,16.549921551500866,True,0.5903225591395461,0.20481470440307367,20.093919131321034,True,0.4428169201880021,0.26248262789569254
9,1903024,15156,68,pd_d192_k3_eval,29,2.7175848354649106,True,14.5130392831485,True,0.18302215669552882,5.564590930938721,11.574579238891602,15.153234300577713,True,0.3895936621518017,0.1929556334695955,19.98422503927505,True,0.004382270914121273,0.2679148771252012
9,1903024,15156,68,iter2_multistep_eval,0,57.467744011920466,False,84.85865896861398,False,0.12923012387929922,283.2212219238281,314.97760009765625,57.467744011920466,False,0.8811529016989078,0.0,57.467744011920466,False,0.5864038489316549,0.0
9,1903024,15156,68,iter2_multistep_eval,1,15.706762477148608,True,39.59165546608343,False,0.13213495344659087,213.13839721679688,199.13653564453125,15.706762477148608,True,0.9060967344081601,0.0,15.706762477148608,True,0.803981377570862,0.0
9,1903024,15156,68,iter2_multistep_eval,2,17.193323488704756,True,22.850516951935326,False,0.03594749183864703,107.00001525878906,115.91694641113281,27.91914171428771,False,0.8684452049467216,0.06815504289060945,27.91914171428771,False,0.7894292158801764,0.06815504289060945
9,1903024,15156,68,iter2_multistep_eval,4,13.28675586251977,True,21.13014470150674,True,0.034619905091560224,45.45021057128906,42.366512298583984,13.28675586251977,True,0.9016064622940255,0.0,17.354645825578544,True,0.8422404693385482,0.017955244516755894
9,1903024,15156,68,iter2_multistep_eval,9,6.661811517259985,True,20.96251291482383,True,0.11477361131480701,20.611860275268555,12.46800422668457,13.698418631727092,True,0.7429358103978935,0.05647393001775652,19.916872328656286,True,0.6345381615351282,0.10638157914271894
9,1903024,15156,68,iter2_multistep_eval,19,6.867919425146365,True,19.530980979626126,True,0.2062290554338469,10.942667007446289,13.254007339477539,19.874600383738617,True,0.5800597784419826,0.2118251985809037,15.652572325723314,True,0.28216535739286,0.143065771433393
9,1903024,15156,68,iter2_multistep_eval,29,6.1009993726721135,True,15.67853473673782,True,0.2594009162451361,7.7147674560546875,12.896303176879883,15.437064437655854,True,0.3057087300970011,0.25286086032815547,17.349997294474967,True,-0.19738041533794823,0.3046713227187279
9,1903024,15156,68,pd_d192_k10_eval,0,57.467744011920466,False,93.33528717899044,False,0.16922278989420433,319.60845947265625,319.60845947265625,57.467744011920466,False,0.5864038489316549,0.0,57.467744011920466,False,0.5864038489316549,0.0
9,1903024,15156,68,pd_d192_k10_eval,1,18.899004658648785,True,46.19000855828885,False,0.15149746073011927,191.6693115234375,191.6693115234375,18.899004658648785,True,0.8053516150179447,0.0,18.899004658648785,True,0.8053516150179447,0.0
9,1903024,15156,68,pd_d192_k10_eval,2,18.1960684808643,True,25.29113902074518,True,0.04254006371233287,122.14918518066406,122.14918518066406,38.49244186904644,False,0.7341143790486561,0.12169139294802014,38.49244186904644,False,0.7341143790486561,0.12169139294802014
9,1903024,15156,68,pd_d192_k10_eval,4,16.41243930191399,True,22.994385056446582,True,0.038363515456652834,42.625732421875,42.625732421875,18.10491179221933,True,0.8415426838075979,0.009864741668081316,18.10491179221933,True,0.8415426838075979,0.009864741668081316
9,1903024,15156,68,pd_d192_k10_eval,9,8.683424565059557,True,18.910067684279813,True,0.10089636420587327,12.217795372009277,12.217795372009277,20.094651376859712,True,0.7115914621273569,0.11258350203649238,20.094651376859712,True,0.7115914621273569,0.11258350203649238
9,1903024,15156,68,pd_d192_k10_eval,19,10.073038988228683,True,19.46151304208467,True,0.17632262165794269,6.661101818084717,6.661101818084717,20.3480000423708,True,0.5780962010689008,0.19297151593612819,20.3480000423708,True,0.5780962010689008,0.19297151593612819
9,1903024,15156,68,pd_d192_k10_eval,29,9.643008125180167,True,20.288521449454947,True,0.44353515383563547,5.819741249084473,5.819741249084473,18.720375646347442,True,0.22400248891654348,0.3781998554022576,18.720375646347442,True,0.22400248891654348,0.3781998554022576
10,1948264,15612,0,pd_d192_k3_eval,0,74.0423748545424,False,90.07893952538313,False,0.113504864463453,133.5736541748047,125.6956558227539,88.84433132007926,False,0.4642598251091679,0.10476645696254425,98.04768623779074,False,0.8643247147190525,0.16990668954884974
10,1948264,15612,0,pd_d192_k3_eval,1,76.6394901927935,False,95.56666159309613,False,0.17965005487145522,126.24976348876953,116.79972839355469,90.07893952538313,False,0.10039000433338148,0.12756252685508337,89.30189214046065,False,0.4832120356892855,0.12018706633926574
10,1948264,15612,0,pd_d192_k3_eval,2,76.53947593365949,False,96.27273120853938,False,0.15267794834591872,122.05886840820312,115.63887023925781,99.0422395950988,False,0.19738352648362759,0.17410588066101831,94.81378076496866,False,0.5153888376537517,0.14138991921134897
10,1948264,15612,0,pd_d192_k3_eval,4,76.50175764275238,False,96.26971173425495,False,0.21730551541862198,120.29307556152344,111.99048614501953,96.8895095944136,False,0.17400593339926,0.22411884029957302,104.06240946569747,False,0.47907421193568817,0.30296922088830247
10,1948264,15612,0,pd_d192_k3_eval,9,76.51277451301324,False,96.72625108027118,False,0.27555400012951176,116.70695495605469,104.49547576904297,95.78710664064745,False,0.12361559572884143,0.26275140250724566,99.84432324143329,False,0.29711796797742196,0.3180601595149007
10,1948264,15612,0,pd_d192_k3_eval,19,80.48691022729429,False,104.19542590985195,False,0.46109036293569927,105.98451232910156,97.76858520507812,105.25836049094653,False,0.09916154623940267,0.48176263522537194,104.89417386547058,False,0.3473420815786842,0.47467982390283203
10,1948264,15612,0,pd_d192_k3_eval,29,79.05599798731576,False,106.00594434598274,False,0.897178343221341,95.52787017822266,87.40261840820312,104.82977696978989,False,-0.26415404615606836,0.8580230928219525,104.76050201834141,False,-0.05092234358159533,0.855716892084477
10,1948264,15612,0,iter2_multistep_eval,0,74.0423748545424,False,83.8963970391836,False,0.06974557677688213,175.09085083007812,122.06695556640625,96.55452820214529,False,0.8309625662507361,0.1593382976309336,98.04768623779074,False,0.8643247147190525,0.16990668954884974
10,1948264,15612,0,iter2_multistep_eval,1,75.96810014917995,False,100.39197028732704,False,0.19912609081380137,158.84144592285156,120.26292419433594,102.57610958782911,False,0.08761030678118648,0.21693322450071353,86.43943670932673,False,0.319871998577762,0.08537206851427571
10,1948264,15612,0,iter2_multistep_eval,2,75.93192424157984,False,106.5483920048556,False,0.2357265341013312,148.34432983398438,118.96456909179688,107.4975835062798,False,0.2670585228724763,0.24303468031072348,94.32851800801616,False,0.5711516794631052,0.14164159371231808
10,1948264,15612,0,iter2_multistep_eval,4,77.32710096574728,False,111.65091425996224,False,0.27533907432535415,128.36697387695312,111.62709045410156,95.40441704112105,False,0.41077389748774984,0.14501277675109497,98.98275865437014,False,0.7100741119345769,0.17371754970177286
10,1948264,15612,0,iter2_multistep_eval,9,72.9003606835731,False,105.9928635005437,False,0.24273491823215465,89.4226303100586,110.17054748535156,104.74182496921982,False,0.47088034311492344,0.23355849729821282,95.6177990292696,False,0.7294458827320303,0.1666333782544482
10,1948264,15612,0,iter2_multistep_eval,19,41.013098694522164,False,69.64913007800187,False,0.29842158332670715,52.68684005737305,99.6156005859375,59.18540872942409,False,0.46913321259125096,0.18937713332888043,101.82721627315728,False,0.20823698041089342,0.6337556001877638
10,1948264,15612,0,iter2_multistep_eval,29,23.20789589331812,False,43.0817462267209,False,0.27627366793641694,22.24907112121582,105.7004623413086,39.793689332904016,False,0.4136432627029189,0.23056518552364447,95.14327244167833,False,-0.32161601795575506,1.0
10,1948264,15612,0,pd_d192_k10_eval,0,74.0423748545424,False,85.74382348451074,False,0.08282143763530768,119.09098815917969,119.09098815917969,98.04768623779074,False,0.8643247147190525,0.16990668954884974,98.04768623779074,False,0.8643247147190525,0.16990668954884974
10,1948264,15612,0,pd_d192_k10_eval,1,75.64884909567311,False,92.89118318383792,False,0.1432416784937491,115.52404022216797,115.52404022216797,102.37325509206411,False,0.3914372381915355,0.22201453423287074,102.37325509206411,False,0.3914372381915355,0.22201453423287074
10,1948264,15612,0,pd_d192_k10_eval,2,76.2134133107194,False,94.90662469517623,False,0.1480589654101423,116.3443832397461,116.3443832397461,99.12377496088094,False,0.45284725385837626,0.18146076526559757,99.12377496088094,False,0.45284725385837626,0.18146076526559757
10,1948264,15612,0,pd_d192_k10_eval,4,76.70384331343023,False,94.77416790291927,False,0.18162072289788023,113.7985610961914,113.7985610961914,104.8195641906779,False,0.45271747463860706,0.28258471646331024,104.8195641906779,False,0.45271747463860706,0.28258471646331024
10,1948264,15612,0,pd_d192_k10_eval,9,76.53497661287537,False,98.81178431753004,False,0.2229646965824078,98.48457336425781,98.48457336425781,101.71301728185098,False,0.3453465038500428,0.25200263308484194,101.71301728185098,False,0.3453465038500428,0.25200263308484194
10,1948264,15612,0,pd_d192_k10_eval,19,66.18274983846966,False,104.26218318482638,False,0.5223445956700312,61.7655143737793,61.7655143737793,103.9700291118493,False,0.16781653129479218,0.5183370491360656,103.9700291118493,False,0.16781653129479218,0.5183370491360656
10,1948264,15612,0,pd_d192_k10_eval,29,40.53674019809985,False,56.40329137885589,False,0.22839278196960003,26.893657684326172,26.893657684326172,55.42556466820293,False,0.03128701430015889,0.21431878939818005,55.42556466820293,False,0.03128701430015889,0.21431878939818005
11,2162198,17247,85,pd_d192_k3_eval,0,71.6043644025104,False,89.92700460186082,False,0.10179739299786261,303.0348815917969,315.67791748046875,83.80016178981711,False,0.6072467471860798,0.0677577230164669,246.81266662908038,False,-0.32645029389215435,0.9734267662407491
11,2162198,17247,85,pd_d192_k3_eval,1,68.39899397820507,False,79.0902738593588,False,0.07448535128069615,323.804443359375,339.7451171875,84.53587404608518,False,0.13186413182368695,0.11242444251686791,72.34881121163656,False,0.09124990277669753,0.02751808271760849
11,2162198,17247,85,pd_d192_k3_eval,2,67.39374911621165,False,72.8144865693843,False,0.0386647126523402,308.4630126953125,308.67364501953125,68.48738726206307,False,0.0686403182257581,0.0078006369096947125,71.35446844905685,False,0.21413171257458416,0.02825078252247736
11,2162198,17247,85,pd_d192_k3_eval,4,55.688360899501774,False,72.75477008909817,False,0.13594423579880852,215.45245361328125,265.3985900878906,73.32368044174903,False,0.415880176446405,0.14047594966257185,71.86335190275388,False,0.43125723619151324,0.12884355265137715
11,2162198,17247,85,pd_d192_k3_eval,9,28.954803549811743,False,41.69431784637545,False,0.07363190928847595,163.13589477539062,180.73587036132812,48.202161082747516,False,0.7645400504450051,0.11124597460440583,48.202161082747516,False,0.7747952755030612,0.11124597460440583
11,2162198,17247,85,pd_d192_k3_eval,19,4.188772363274041,True,16.7615842393962,True,0.12615803422247876,30.945035934448242,65.45870208740234,18.88413386873689,True,0.7833064811831243,0.1474561091014821,23.237408383793802,False,0.6371977466416293,0.1911377103742584
11,2162198,17247,85,pd_d192_k3_eval,29,2.612874226521631,True,14.67405791142858,True,0.15816111926044807,13.804728507995605,82.76080322265625,62.251364828007915,False,0.5015566839631552,0.7820534593415036,15.756050102429723,True,0.8161815131279236,0.1723495356240884
11,2162198,17247,85,iter2_multistep_eval,0,71.6043644025104,False,88.34726611932851,False,0.09302064153679919,297.9224853515625,319.3052978515625,83.80016178981711,False,0.5905278947543863,0.0677577230164669,246.81266662908038,False,-0.32645029389215435,0.9734267662407491
11,2162198,17247,85,iter2_multistep_eval,1,67.30228863293493,False,75.20333422234873,False,0.05571991523387159,301.435302734375,300.05206298828125,89.14242015959042,False,0.21737663751819464,0.15402142204980465,73.85713097991002,False,0.10543228258091758,0.046226193205897194
11,2162198,17247,85,iter2_multistep_eval,2,65.65160199966155,False,84.9937637281285,False,0.16971453759873573,209.95062255859375,253.7328338623047,70.13650465379284,False,0.291578795319948,0.03935202232338914,85.30652903020905,False,0.35227280303114483,0.17245884401932612
11,2162198,17247,85,iter2_multistep_eval,4,65.18846134323987,False,87.18564691138545,False,0.17933964132354477,195.15345764160156,227.45095825195312,82.5060101659294,False,0.5742601584462049,0.14118728893034183,72.8399317595302,False,0.7041069345214946,0.062381251265268285
11,2162198,17247,85,iter2_multistep_eval,9,31.407733155647296,False,54.37199109132184,False,0.15831335789165057,114.58159637451172,125.26866912841797,31.407733155647296,False,0.6115076834187047,0.0,31.407733155647296,False,0.6361319570217447,0.0
11,2162198,17247,85,iter2_multistep_eval,19,2.7936282526247993,True,14.27320573562575,True,0.11301864994836341,18.697938919067383,40.65891647338867,24.929155669535135,False,0.8212731252569473,0.21792852814128116,19.853422587817256,True,0.706066067400749,0.16795695895735693
11,2162198,17247,85,iter2_multistep_eval,29,3.679670455814492,True,12.877689048933089,True,0.12988840403675844,8.650749206542969,30.223649978637695,12.081550581774623,True,0.6793546594962165,0.11864585719424078,23.62683400818312,False,0.4650402782253136,0.28168080034277354
11,2162198,17247,85,pd_d192_k10_eval,0,71.6043644025104,False,166.174997841323,False,0.525417943783501,265.83367919921875,265.83367919921875,246.81266662908038,False,-0.32645029389215435,0.9734267662407491,246.81266662908038,False,-0.32645029389215435,0.9734267662407491
11,2162198,17247,85,pd_d192_k10_eval,1,79.32029160421345,False,225.54514105116212,False,0.7176331067107181,242.81051635742188,242.81051635742188,269.5737570155587,False,-0.4804337825975844,0.93371397516917,269.5737570155587,False,-0.4804337825975844,0.93371397516917
11,2162198,17247,85,pd_d192_k10_eval,2,130.3431637371052,False,275.6144393665181,False,0.7191918161671422,222.60594177246094,222.60594177246094,296.8075449011493,False,-0.7474985277614197,0.8241121315814256,296.8075449011493,False,-0.7474985277614197,0.8241121315814256
11,2162198,17247,85,pd_d192_k10_eval,4,200.68753332016496,False,335.509183141184,False,0.7470333996372344,195.4741973876953,195.4741973876953,304.7482191156415,False,-0.4605371170790787,0.5765899466560122,304.7482191156415,False,-0.4605371170790787,0.5765899466560122
11,2162198,17247,85,pd_d192_k10_eval,9,323.7206177022638,False,372.5651138155975,False,0.4361491849806067,178.8892822265625,178.8892822265625,359.5370134237915,False,0.14109934554828388,0.3198168278088318,359.5370134237915,False,0.14109934554828388,0.3198168278088318
11,2162198,17247,85,pd_d192_k10_eval,19,360.1509440791602,False,381.79480969217394,False,0.4457280612177311,165.361572265625,165.361572265625,398.82396546664853,False,0.09257480638673764,0.7964220048618574,398.82396546664853,False,0.09257480638673764,0.7964220048618574
11,2162198,17247,85,pd_d192_k10_eval,29,378.09853896075805,False,394.41491612970356,False,0.513027516985284,148.73899841308594,148.73899841308594,400.6258687115715,False,-0.19246213846820523,0.7083153280107377,400.6258687115715,False,-0.19246213846820523,0.7083153280107377
