variant,seed,horizon,goal_offset,num_samples,n_episodes,n_success,success_rate,evaluation_time_seconds,num_plans,mean_selected_step,source,step_counts,success_bits
baseline_k10,42,5,40,300,50,26,52.0,29.16116714477539,,,cemcv_baseline_k10_h5_off40_5090.txt,,10100011010011110000011111001010011011110000111100
baseline_k3,42,5,40,300,50,31,62.0,74.43312644958496,,,cemcv_baseline_k3_h5_off40_5090.txt,,00011111101111111000111111101000011011010000111101
baseline_k3,123,5,40,300,50,29,58.0,28.10878610610962,,,cemcv_baseline_k3_h5_off40_seed123_5090.txt,,01000110110101001011111100111101110000111110100011
baseline_k3,7,5,40,300,50,34,68.0,26.882225513458252,,,cemcv_baseline_k3_h5_off40_seed7_5090.txt,,11111011010111100000111111011110101100111111011010
baseline_k5,42,5,40,300,50,28,56.0,29.819577932357788,,,cemcv_baseline_k5_h5_off40_5090.txt,,00111011100011111000101111001000110011110001011101
k3_multistart3x7,42,5,40,300,50,35,70.0,129.14966416358948,70,,cemcv_k3_multistart3x7_h5_off40_5090.txt,"{""29"": 70}",10111111101111111000111111101000111011010001111101
k3_multistart_equalcompute3x100,42,5,40,100,50,33,66.0,200.6564474105835,71,,cemcv_k3_multistart_equalcompute3x100_h5_off40_5090.txt,"{""29"": 71}",00111111101111111001011111101010111011000001111100
k3_multistart_equalcompute3x100,123,5,40,100,50,30,60.0,49.978782653808594,76,,cemcv_k3_multistart_equalcompute3x100_h5_off40_seed123_5090.txt,"{""29"": 76}",00100110101011001011111100111100111000111110110011
k3_multistart_equalcompute3x100,7,5,40,100,50,31,62.0,52.26221036911011,79,,cemcv_k3_multistart_equalcompute3x100_h5_off40_seed7_5090.txt,"{""29"": 79}",01101011110101100001111011111110101100101110010101
k3_s100,123,5,40,100,50,26,52.0,20.476282119750977,,,cemcv_k3_s100_h5_off40_seed123_5090.txt,,00000110111001001111011000101101111000110110100011
k3_s100,42,5,40,100,50,29,58.0,20.142958641052246,,,cemcv_k3_s100_h5_off40_seed42_5090.txt,,00011111101111110001011111001000011011010001111100
k3_s100,7,5,40,100,50,34,68.0,19.451625108718872,,,cemcv_k3_s100_h5_off40_seed7_5090.txt,,11101011011111100001111011111111101100100110011011
k3_s900,42,5,40,900,50,36,72.0,250.93211555480957,,,cemcv_k3_s900_h5_off40_5090.txt,,10111111101111111100111111101010011011010001111101
k3_s900,123,5,40,900,50,33,66.0,55.557095766067505,,,cemcv_k3_s900_h5_off40_seed123_5090.txt,,00000110110111001111111100111111111000111110100111
k3_s900,7,5,40,900,50,30,60.0,55.52975153923035,,,cemcv_k3_s900_h5_off40_seed7_5090.txt,,01111000110101000010111101011110101100111101011110
k3_to_k10_finalpop,42,5,40,300,50,29,58.0,80.10104250907898,73,29.0,cemcv_k3_to_k10_finalpop_h5_off40_5090.txt,"{""29"": 73}",00011111101011111000111111101000011011010000111100
k3_to_k10_means,42,5,40,300,50,29,58.0,78.32258439064026,74,18.5,cemcv_k3_to_k10_means_h5_off40_5090.txt,"{""0"": 5, ""1"": 1, ""2"": 2, ""4"": 6, ""9"": 13, ""19"": 14, ""29"": 33}",00011111101011111000111111101000011011010000101101
k3_to_k10_refit10,42,5,40,300,50,29,58.0,28.582321882247925,73,29.0,cemcv_k3_to_k10_refit10_h5_off40_5090.txt,"{""29"": 73}",00011111101111111000111111101000011011000000111100
k3_to_k10_refit30,42,5,40,300,50,30,60.0,79.85755586624146,73,29.0,cemcv_k3_to_k10_refit30_h5_off40_5090.txt,"{""29"": 73}",00011111101111111000111111101000011011010000111100
k3_to_k10_refit5,42,5,40,300,50,30,60.0,28.65563702583313,73,29.0,cemcv_k3_to_k10_refit5_h5_off40_5090.txt,"{""29"": 73}",00011111101111111000111111101000011011010000111100
k3_to_k3_finalpop,42,5,40,300,50,30,60.0,80.35864472389221,73,29.0,cemcv_k3_to_k3_finalpop_h5_off40_5090.txt,"{""29"": 73}",00011111101111011000111111101000011011010000111101
k3_to_k3_means,42,5,40,300,50,31,62.0,77.83823156356812,74,29.0,cemcv_k3_to_k3_means_h5_off40_5090.txt,"{""29"": 74}",00011111101111111000111111101000011011010000111101
k3_to_k3_refit30,42,5,40,300,50,31,62.0,80.6499285697937,74,29.0,cemcv_k3_to_k3_refit30_h5_off40_5090.txt,"{""29"": 74}",00011111101111111000111111101000011011010000111101
k3_to_k5_finalpop,42,5,40,300,50,28,56.0,81.39200329780579,78,29.0,cemcv_k3_to_k5_finalpop_h5_off40_5090.txt,"{""29"": 78}",00011111101011111000111111101000011011000000101101
k3_to_k5_means,42,5,40,300,50,30,60.0,29.517741680145264,76,17.578947067260742,cemcv_k3_to_k5_means_h5_off40_5090.txt,"{""0"": 5, ""1"": 2, ""2"": 6, ""4"": 5, ""9"": 14, ""19"": 10, ""29"": 34}",00011111101111111000111111101000011011010000101101
k3_to_k5_refit30,42,5,40,300,50,28,56.0,80.75552153587341,76,29.0,cemcv_k3_to_k5_refit30_h5_off40_5090.txt,"{""29"": 76}",00011111101111111000111111101000011011000000101100
portfolio_equalcompute3x100,42,5,40,100,50,33,66.0,200.73216247558594,73,,cemcv_portfolio_equalcompute3x100_h5_off40_5090.txt,"{""0"": 2, ""2"": 2, ""4"": 1, ""9"": 8, ""19"": 11, ""29"": 49}",10111111101111111001011111001000111011100001111100
portfolio_equalcompute3x100,123,5,40,100,50,29,58.0,51.838473320007324,78,,cemcv_portfolio_equalcompute3x100_h5_off40_seed123_5090.txt,"{""4"": 3, ""9"": 12, ""19"": 15, ""29"": 48}",10000110110011100101111100111101111000110110100011
portfolio_equalcompute3x100,7,5,40,100,50,37,74.0,48.3392059803009,73,,cemcv_portfolio_equalcompute3x100_h5_off40_seed7_5090.txt,"{""0"": 1, ""1"": 1, ""2"": 1, ""4"": 2, ""9"": 7, ""19"": 9, ""29"": 52}",11101011101111100110111011111111101100101111011101
portfolio_rank3x1,42,5,40,300,50,33,66.0,305.95614218711853,69,,cemcv_portfolio_rank3x1_h5_off40_5090.txt,"{""29"": 69}",00111111111011110000111111101010111011010001111100
portfolio_rank3x7,42,5,40,300,50,36,72.0,69.0603380203247,67,,cemcv_portfolio_rank3x7_h5_off40_5090.txt,"{""1"": 1, ""4"": 1, ""9"": 3, ""19"": 8, ""29"": 54}",00111111111111111000111111101010111011010001111101
shared_rankensemble3x100,123,5,40,100,50,2,4.0,57.66817927360535,,,cemcv_shared_rankensemble3x100_h5_off40_seed123_5090.txt,,00000000000000000000000000000000100000000000010000
shared_rankensemble3x100,42,5,40,100,50,3,6.0,56.480284690856934,,,cemcv_shared_rankensemble3x100_h5_off40_seed42_5090.txt,,00000000000010000000000001000000000000000000000100
shared_rankensemble3x100,7,5,40,100,50,7,14.0,58.81462740898132,,,cemcv_shared_rankensemble3x100_h5_off40_seed7_5090.txt,,00001000000101000001000001000010000000100000000000
